Book_Title,Book_Category,Book_UPC,Book_Price_With_Tax,Book_Availability
Shakespeare's Sonnets,Poetry,UPC30a7f60cd76ca58c,20.66,(19 available)
Rip it Up and Start Again,Music,UPCa34ba96d4081e6a4,35.02,(19 available)
The Dirty Little Secrets of Getting Your Dream Job,Business,UPC2597b5a345f45e1b,33.34,(19 available)
Set Me Free,Young Adult,UPCce6396b0f23f6ecc,17.46,(19 available)
Mesaerion: The Best Science Fiction Stories 1800-1849,Science Fiction,UPCe30f54cea9b38190,37.59,(19 available)
"Our Band Could Be Your Life: Scenes from the American Indie Underground, 1981-1991",Music,UPCdeda3e61b9514b83,57.25,(19 available)
Scott Pilgrim's Precious Little Life (Scott Pilgrim #1),Sequential Art,UPC3b1c02bac2a429e6,52.29,(19 available)
A Light in the Attic,Poetry,UPCa897fe39b1053632,51.77,(22 available)
The Boys in the Boat: Nine Americans and Their Epic Quest for Gold at the 1936 Berlin Olympics,Default,UPCe10e1e165dc8be4a,22.60,(19 available)
It's Only the Himalayas,Travel,UPCa22124811bfa8350,45.17,(19 available)
Sapiens: A Brief History of Humankind,History,UPC4165285e1663650f,54.23,(20 available)
Sharp Objects,Mystery,UPCe00eb4fd7b871a48,47.82,(20 available)
The Black Maria,Poetry,UPC1dfe412b8ac00530,52.15,(19 available)
The Requiem Red,Young Adult,UPCf77dbf2323deb740,22.65,(19 available)
Olio,Poetry,UPCfeb7cc7701ecf901,23.88,(19 available)
Libertarianism for Beginners,Politics,UPCa18a4f574854aced,51.33,(19 available)
"Starving Hearts (Triangular Trade Trilogy, #1)",Default,UPC0312262ecafa5a40,13.99,(19 available)
Soumission,Fiction,UPC6957f44c3847a760,50.10,(20 available)
Tipping the Velvet,Historical Fiction,UPC90fa61229261140a,53.74,(20 available)
"The Coming Woman: A Novel Based on the Life of the Infamous Feminist, Victoria Woodhull",Default,UPCe72a5dfc7e9267b2,17.93,(19 available)
Maude (1883-1993):She Grew Up with the country,Default,UPC094b269567e1c300,18.02,(18 available)
Behind Closed Doors,Thriller,UPCbe5cc846f45496fb,52.22,(18 available)
Birdsong: A Story in Pictures,Childrens,UPC9528d0948525bf5f,54.64,(19 available)
Black Dust,Romance,UPC00bfed9e18bb36f3,34.53,(19 available)
"In a Dark, Dark Wood",Mystery,UPC19ed25f4641d5efd,19.63,(18 available)
In Her Wake,Thriller,UPC23356462d1320d61,12.84,(19 available)
The Bear and the Piano,Childrens,UPC9f6568e9c95f60b0,36.89,(18 available)
How Music Works,Music,UPC327f68a59745c102,37.32,(19 available)
"Foolproof Preserving: A Guide to Small Batch Jams, Jellies, Pickles, Condiments, and More: A Foolproof Guide to Making Small Batch Jams, Jellies, Pickles, Condiments, and More",Food and Drink,UPC5674a18a29a43ced,30.52,(19 available)
Penny Maybe,Default,UPC668fe56b17cfcd4f,33.29,(18 available)
The Elephant Tree,Thriller,UPC5dada2b7be26bd03,23.82,(18 available)
Worlds Elsewhere: Journeys Around Shakespeareâs Globe,Nonfiction,UPC4c28def39d850cdf,40.30,(18 available)
Wall and Piece,Art,UPCccd9ffa25efabdea,44.18,(18 available)
Aladdin and His Wonderful Lamp,Default,UPC904208d6aa64b655,53.13,(19 available)
America's Cradle of Quarterbacks: Western Pennsylvania's Football Factory from Johnny Unitas to Joe Montana,Default,UPCc7d160c2c0de586f,22.50,(19 available)
The Five Love Languages: How to Express Heartfelt Commitment to Your Mate,Nonfiction,UPC3c039985229453bf,31.05,(18 available)
The Four Agreements: A Practical Guide to Personal Freedom,Spirituality,UPC6258a1f6a6dcfe50,17.66,(18 available)
Chase Me (Paris Nights #2),Romance,UPCc2e46a2ee3b4a322,25.27,(19 available)
You can't bury them all: Poems,Poetry,UPC55f9da0c5eea2e10,33.63,(17 available)
Sophie's World,Philosophy,UPC6be3beb0793a53e7,15.94,(18 available)
"Unbound: How Eight Technologies Made Us Human, Transformed Society, and Brought Our World to the Brink",History,UPC9a9d6e9bc555731e,25.52,(16 available)
When We Collided,Contemporary,UPC3ecb690d1542c568,31.77,(16 available)
The Torch Is Passed: A Harding Family Story,Add a comment,UPC4eed62cf5f8d8edf,19.09,(16 available)
Slow States of Collapse: Poems,Poetry,UPCb4fd5943413e089a,57.31,(17 available)
Without Borders (Wanderlove #1),New Adult,UPCacddfeab2a407640,45.07,(16 available)
"Unseen City: The Majesty of Pigeons, the Discreet Charm of Snails & Other Wonders of the Urban Wilderness",Nonfiction,UPCd170b5a0da46380e,44.18,(16 available)
#HigherSelfie: Wake Up Your Life. Free Your Soul. Find Your Tribe.,Nonfiction,UPCc27f6e1f185b0383,23.11,(17 available)
The Natural History of Us (The Fine Art of Pretending #2),Young Adult,UPCcedf82b5086e4691,45.22,(16 available)
Tsubasa: WoRLD CHRoNiCLE 2 (Tsubasa WoRLD CHRoNiCLE #2),Sequential Art,UPC09555be379ad9253,16.28,(16 available)
Unicorn Tracks,Fantasy,UPC7ae099f3898e0209,18.78,(16 available)
Private Paris (Private #10),Fiction,UPCb12b89017878a60d,47.61,(17 available)
Untitled Collection: Sabbath Poems 2014,Poetry,UPC657fe5ead67a7767,14.27,(16 available)
Throwing Rocks at the Google Bus: How Growth Became the Enemy of Prosperity,Nonfiction,UPC7858914fad68493c,31.12,(16 available)
This One Summer,Sequential Art,UPC51653ef291ab7ddc,19.49,(16 available)
"We Love You, Charlie Freeman",Fiction,UPC8d455c7539795d2a,50.27,(16 available)
The Past Never Ends,Mystery,UPC5ee94540d0749ea0,56.50,(16 available)
The Secret of Dreadwillow Carse,Childrens,UPCb5ea0b5dabed25a8,56.13,(16 available)
Thirst,Fiction,UPC709822d0b5bcb7f4,17.27,(16 available)
Reasons to Stay Alive,Nonfiction,UPCc8f7f0cb1abb9cac,26.41,(17 available)
"The Pioneer Woman Cooks: Dinnertime: Comfort Classics, Freezer Food, 16-Minute Meals, and Other Delicious Ways to Solve Supper!",Food and Drink,UPC142d767a56a9254d,56.41,(16 available)
Soul Reader,Default,UPCe6af5bf1163c1151,39.58,(16 available)
The Nameless City (The Nameless City #1),Sequential Art,UPC7d385d34d12e60ff,38.16,(16 available)
"The Bulletproof Diet: Lose up to a Pound a Day, Reclaim Energy and Focus, Upgrade Your Life",Health,UPC43c6a960757cf559,49.05,(16 available)
"Rat Queens, Vol. 3: Demons (Rat Queens (Collected Editions) #11-15)",Sequential Art,UPCc82a3e358c773c73,50.40,(16 available)
The Age of Genius: The Seventeenth Century and the Birth of the Modern Mind,History,UPCa3d2a4250807f1e9,19.73,(16 available)
Security,Horror,UPC6f78a0d744c35456,39.25,(16 available)
The Life-Changing Magic of Tidying Up: The Japanese Art of Decluttering and Organizing,Nonfiction,UPC0da9aa9d24677fc0,16.77,(16 available)
"The Mindfulness and Acceptance Workbook for Anxiety: A Guide to Breaking Free from Anxiety, Phobias, and Worry Using Acceptance and Commitment Therapy",Add a comment,UPC31075275518532d7,23.89,(16 available)
The Activist's Tao Te Ching: Ancient Advice for a Modern Revolution,Spirituality,UPC7d6d2a6c0276f81b,32.24,(16 available)
The Art Forger,Add a comment,UPC80cfab6bcff3a244,40.76,(16 available)
The Death of Humanity: and the Case for Life,Philosophy,UPCbd261725b99f5983,58.11,(16 available)
The Murder That Never Was (Forensic Instincts #5),Fiction,UPCd01ac97e2b8947c2,54.11,(16 available)
"The Inefficiency Assassin: Time Management Tactics for Working Smarter, Not Longer",Default,UPC8c9e6bf2467d740d,20.59,(16 available)
"Saga, Volume 5 (Saga (Collected Editions) #5)",Sequential Art,UPC53a3d11bb568cc8b,51.04,(16 available)
The Gutsy Girl: Escapades for Your Life of Epic Adventure,Nonfiction,UPCacd86a5426e21ca0,37.13,(16 available)
The Electric Pencil: Drawings from Inside State Hospital No. 3,Nonfiction,UPCa30b270e25489e5c,56.06,(16 available)
Reskilling America: Learning to Labor in the Twenty-First Century,Nonfiction,UPCd7310206583a54b6,19.83,(16 available)
The Most Perfect Thing: Inside (and Outside) a Bird's Egg,Science,UPCaadee1c326d286e3,42.96,(16 available)
"Saga, Volume 6 (Saga (Collected Editions) #6)",Fantasy,UPCc849f0b2f5d6a742,25.02,(16 available)
Spark Joy: An Illustrated Master Class on the Art of Organizing and Tidying Up,Nonfiction,UPC87b0615b6e1f4d7b,41.83,(16 available)
orange: The Complete Collection 1 (orange: The Complete Collection #1),Sequential Art,UPC11809b1d323b3057,48.41,(16 available)
"Pop Gun War, Volume 1: Gift",Sequential Art,UPCe80f8e518b300dfe,18.97,(16 available)
"Layered: Baking, Building, and Styling Spectacular Cakes",Food and Drink,UPC7b75cc7f223791f4,40.11,(16 available)
Obsidian (Lux #1),Young Adult,UPC3c346ab1e76ae1f6,14.86,(16 available)
"Political Suicide: Missteps, Peccadilloes, Bad Calls, Backroom Hijinx, Sordid Pasts, Rotten Breaks, and Just Plain Dumb Mistakes in the Annals of American Politics",History,UPC7392c0032f92d816,36.28,(16 available)
"Mama Tried: Traditional Italian Cooking for the Screwed, Crude, Vegan, and Tattooed",Food and Drink,UPC72f9d5be3472d34e,14.02,(16 available)
On a Midnight Clear,Add a comment,UPCb757c0c361e689ce,14.07,(16 available)
Judo: Seven Steps to Black Belt (an Introductory Guide for Beginners),Add a comment,UPC228f74b74f3a08ae,53.90,(16 available)
Princess Between Worlds (Wide-Awake Princess #5),Fantasy,UPC0e691eda369f4e09,13.34,(16 available)
In the Country We Love: My Family Divided,Nonfiction,UPCb136b1b180ca753a,22.00,(16 available)
My Paris Kitchen: Recipes and Stories,Food and Drink,UPC784bc2279baa878d,33.37,(16 available)
"Lumberjanes, Vol. 1: Beware the Kitten Holy (Lumberjanes #1-4)",Sequential Art,UPCb6ee99bcf06fc91f,45.61,(16 available)
Masks and Shadows,Fantasy,UPCfa9610a50a1bf149,56.40,(16 available)
"Lumberjanes, Vol. 2: Friendship to the Max (Lumberjanes #5-8)",Sequential Art,UPC460089f796fb3f82,46.91,(16 available)
Patience,Sequential Art,UPC9429b4d59c537af5,10.16,(16 available)
"Princess Jellyfish 2-in-1 Omnibus, Vol. 01 (Princess Jellyfish 2-in-1 Omnibus #1)",Sequential Art,UPC0fa6dceead7ce47a,13.61,(16 available)
Online Marketing for Busy Authors: A Step-By-Step Guide,Self Help,UPC9ffa38d3b832433a,46.35,(16 available)
Join,Science Fiction,UPC18ad3ed896c7ce05,35.67,(16 available)
"Outcast, Vol. 1: A Darkness Surrounds Him (Outcast #1)",Sequential Art,UPC889139b8e9c4cb36,15.44,(16 available)
Lumberjanes Vol. 3: A Terrible Plan (Lumberjanes #9-12),Sequential Art,UPC57e5a4d515c8ce44,19.92,(16 available)
"I Hate Fairyland, Vol. 1: Madly Ever After (I Hate Fairyland (Compilations) #1-5)",Sequential Art,UPC8d4eefad7a2b3915,29.17,(16 available)
Fifty Shades Darker (Fifty Shades #2),Romance,UPC7add3f8e49ec0826,21.96,(16 available)
"Codename Baboushka, Volume 1: The Conclave of Death",Sequential Art,UPC8754c83ab2a7ae71,36.72,(16 available)
Burning,Young Adult,UPC5ceb951f629700a2,28.81,(16 available)
Everydata: The Misinformation Hidden in the Little Data You Consume Every Day,Nonfiction,UPC311c0dd0e354a33e,54.35,(16 available)
Immunity: How Elie Metchnikoff Changed the Course of Modern Medicine,Science,UPCe4f74c16de34d440,57.36,(16 available)
"Giant Days, Vol. 2 (Giant Days #5-8)",Sequential Art,UPCf2df3bb043a8abb0,22.11,(16 available)
Danganronpa Volume 1,Sequential Art,UPC09b6cc87e62c2c58,51.99,(16 available)
Bossypants,Default,UPC74baabfc8fd84b38,49.46,(16 available)
"Avatar: The Last Airbender: Smoke and Shadow, Part 3 (Smoke and Shadow #3)",Fantasy,UPC6d5300b2d8f37e07,28.09,(16 available)
Forever and Forever: The Courtship of Henry Longfellow and Fanny Appleton,Historical Fiction,UPC9beb96a2300109d7,29.69,(16 available)
Crown of Midnight (Throne of Glass #2),Fantasy,UPC7267864328ae8b9d,43.29,(16 available)
First and First (Five Boroughs #3),Romance,UPC9e28048cea8d41f7,15.97,(16 available)
Call the Nurse: True Stories of a Country Nurse on a Scottish Isle,Nonfiction,UPCbee3672891cca906,29.14,(16 available)
Her Backup Boyfriend (The Sorensen Family #1),Romance,UPC2a97cffe61c3c4c7,33.97,(16 available)
Camp Midnight,Sequential Art,UPC7b599c8bfcdd8d30,17.08,(16 available)
"Bitch Planet, Vol. 1: Extraordinary Machine (Bitch Planet (Collected Editions))",Sequential Art,UPCbdf415fd484ea8a7,37.92,(16 available)
I am a Hero Omnibus Volume 1,Sequential Art,UPC1c89ae5bb804e4de,54.63,(16 available)
How to Be Miserable: 40 Strategies You Already Use,Self Help,UPCa6f99b9e687f9d46,46.03,(16 available)
"Don't Be a Jerk: And Other Practical Advice from Dogen, Japan's Greatest Zen Master",Religion,UPCfce19f9b4a943f22,37.97,(16 available)
Tracing Numbers on a Train,Default,UPCd7d6d50c1e3d0b81,41.60,(15 available)
(Un)Qualified: How God Uses Broken People to Do Big Things,Christian,UPCe4ac92d89b946781,54.00,(16 available)
Algorithms to Live By: The Computer Science of Human Decisions,Nonfiction,UPC38d45839cb1c83c1,30.81,(16 available)
Thirteen Reasons Why,Default,UPCbc2a85fd35fdc7bd,52.72,(15 available)
Throne of Glass (Throne of Glass #1),Fantasy,UPC590a9cccf7db9f7d,35.07,(15 available)
The Vacationers,Fiction,UPCfd3a622648667296,42.15,(15 available)
"A Piece of Sky, a Grain of Rice: A Memoir in Four Meditations",Default,UPC8a380641491d43ed,56.76,(16 available)
A Flight of Arrows (The Pathfinders #2),Historical Fiction,UPC3a6fb983e2554023,55.53,(16 available)
"William Shakespeare's Star Wars: Verily, A New Hope (William Shakespeare's Star Wars #4)",Science Fiction,UPC9270575728a13a61,43.30,(15 available)
The White Cat and the Monk: A Retelling of the Poem âPangur BÃ¡nâ,Childrens,UPC37c0cb19713d8dda,58.08,(15 available)
A Court of Thorns and Roses (A Court of Thorns and Roses #1),Fantasy,UPC01d2001ac1e6f8a3,52.37,(16 available)
Thomas Jefferson and the Tripoli Pirates: The Forgotten War That Changed American History,History,UPCde3f25248ba0789f,59.64,(15 available)
Tuesday Nights in 1980,Fiction,UPCb8736690cf263a3c,21.04,(15 available)
You Are What You Love: The Spiritual Power of Habit,Religion,UPC796c87ddbbaaf8c5,21.87,(15 available)
A World of Flavor: Your Gluten Free Passport,Default,UPC70ed59f194b3c556,42.95,(16 available)
A Murder in Time,Mystery,UPCf733e8c19d40ec2e,16.64,(16 available)
The Stranger,Philosophy,UPCf5a92cff83897d48,17.44,(15 available)
The Wedding Dress,Romance,UPC623e1a180426039b,24.12,(15 available)
A Fierce and Subtle Poison,Young Adult,UPC842790dfaa937484,28.13,(16 available)
The Third Wave: An Entrepreneurâs Vision of the Future,Business,UPC3bebf34ee9330cbd,12.61,(15 available)
The Girl on the Train,Default,UPCe956d67c9bcc5809,55.02,(15 available)
The Power of Now: A Guide to Spiritual Enlightenment,Nonfiction,UPC8ec14b1576cb7cb5,43.54,(15 available)
The Emerald Mystery,Default,UPCd6670dfe3e7b42bd,23.15,(15 available)
The Project,Science Fiction,UPC790ef197c8f236f5,10.65,(15 available)
The Nerdy Nummies Cookbook: Sweet Treats for the Geek in All of Us,Food and Drink,UPCe4c7f3487d17fd42,37.34,(15 available)
The Murder of Roger Ackroyd (Hercule Poirot #4),Mystery,UPCc7b5183f4d1d4efe,44.10,(15 available)
The Shadow Hero (The Shadow Hero),Sequential Art,UPCd6361d16212664ed,33.14,(15 available)
The Mistake (Off-Campus #2),New Adult,UPC99ff4cc6491e8f5c,43.29,(15 available)
The Love and Lemons Cookbook: An Apple-to-Zucchini Celebration of Impromptu Cooking,Food and Drink,UPCe28e330cbdf01126,37.60,(15 available)
The Secret (The Secret #1),Default,UPC961f18db4f138211,27.37,(15 available)
The Omnivore's Dilemma: A Natural History of Four Meals,Nonfiction,UPC209adad1015af86f,38.21,(15 available)
The Psychopath Test: A Journey Through the Madness Industry,Default,UPCe98a4efa85070c2f,36.00,(15 available)
The Genius of Birds,Nonfiction,UPC42d0d7c92b75fc1c,17.24,(15 available)
The House by the Lake,Historical Fiction,UPC9287e238d7c3b06e,36.95,(15 available)
The Matchmaker's Playbook (Wingmen Inc. #1),New Adult,UPC08db62f24627e71f,55.85,(15 available)
The Cookies & Cups Cookbook: 125+ sweet & savory recipes reminding you to Always Eat Dessert First,Food and Drink,UPC96a38e7c813d8f1d,41.25,(15 available)
The Regional Office Is Under Attack!,Fiction,UPC0651062381f0636a,51.36,(15 available)
The Glittering Court (The Glittering Court #1),Fantasy,UPC2dbb7ec08cdd7f3c,44.28,(15 available)
The Kite Runner,Default,UPCeac1a180047ad54e,41.82,(15 available)
The Long Shadow of Small Ghosts: Murder and Memory in an American City,Crime,UPCabeafe151a587d3b,10.97,(15 available)
Something More Than This,Romance,UPCca71e72655bece85,16.24,(15 available)
Mrs. Houdini,Historical Fiction,UPCa40723994f715420,30.25,(15 available)
The Artist's Way: A Spiritual Path to Higher Creativity,Nonfiction,UPCdd047728de72ad62,38.49,(15 available)
Redeeming Love,Christian Fiction,UPCb53db2271c9624f7,20.47,(15 available)
Soft Apocalypse,Science Fiction,UPC2a70769cdc6eb8b8,26.12,(15 available)
Scarlett Epstein Hates It Here,Young Adult,UPC1c929cfd16b71907,43.55,(15 available)
Suddenly in Love (Lake Haven #1),Romance,UPC203b7f94b7d6115f,55.99,(15 available)
So You've Been Publicly Shamed,Nonfiction,UPC1b33663ad7b95fd8,12.23,(15 available)
The Bridge to Consciousness: I'm Writing the Bridge Between Science and Our Old and New Beliefs.,Default,UPCefc3768127714ec3,32.00,(15 available)
Romero and Juliet: A Tragic Tale of Love and Zombies,Default,UPCe656e280bc8edd56,36.94,(15 available)
Poems That Make Grown Women Cry,Poetry,UPC31001a1210623bd4,14.19,(15 available)
Night Sky with Exit Wounds,Poetry,UPCcfeb1e1e0e695b58,41.05,(15 available)
The Argonauts,Autobiography,UPCc99761a700ade23f,10.93,(15 available)
"Nightingale, Sing",Young Adult,UPC50b8f80311b31ede,38.28,(15 available)
Shoe Dog: A Memoir by the Creator of NIKE,Business,UPC0e0dcc3339602b28,23.99,(15 available)
"Shobu Samurai, Project Aryoku (#3)",Add a comment,UPC0c27e6c3744fc14b,29.06,(15 available)
Secrets and Lace (Fatal Hearts #1),Default,UPCad04ad9fc179fc5d,20.27,(15 available)
The 10% Entrepreneur: Live Your Startup Dream Without Quitting Your Day Job,Business,UPC56e4f9eab2e8e674,27.55,(15 available)
Poses for Artists Volume 1 - Dynamic and Sitting Poses: An Essential Reference for Figure Drawing and the Human Form,Default,UPCd9c643fa1fc57bdb,41.06,(15 available)
The Art of War,Default,UPCe7469e22b5bfb3e7,33.34,(15 available)
Miss Peregrineâs Home for Peculiar Children (Miss Peregrineâs Peculiar Children #1),Default,UPCaf96613fdd793a3c,10.76,(15 available)
Library of Souls (Miss Peregrineâs Peculiar Children #3),Young Adult,UPCba54932df84e8cea,48.56,(15 available)
Little Red,Childrens,UPC4aa03792b50f0b22,13.47,(15 available)
I Had a Nice Time And Other Lies...: How to find love & sh*t like that,Womens Fiction,UPCfd8585283fc7d2d7,57.36,(15 available)
Frostbite (Vampire Academy #2),Young Adult,UPC116a2fdc9a45bab0,29.99,(15 available)
Large Print Heart of the Pride,Default,UPCc1afd71fc86bf682,19.15,(15 available)
Hollow City (Miss Peregrineâs Peculiar Children #2),Fantasy,UPC4ce91d31c1e57c33,42.98,(15 available)
Finders Keepers (Bill Hodges Trilogy #2),Fiction,UPCedb3097e71330040,53.53,(15 available)
First Steps for New Christians (Print Edition),Default,UPC2f88b08bf0a0e367,29.00,(15 available)
Doing It Over (Most Likely To #1),Romance,UPC3a11bb962ff45b78,35.61,(15 available)
Drive: The Surprising Truth About What Motivates Us,Default,UPC6ffb36aaeff1c81e,34.95,(15 available)
Louisa: The Extraordinary Life of Mrs. Adams,Biography,UPCd69dd8dac66f9f84,16.85,(15 available)
Modern Romance,Add a comment,UPCcaf4fe9311f1dc59,28.26,(15 available)
Follow You Home,Horror,UPC8585760646e3aa2a,21.36,(15 available)
"Deliciously Ella Every Day: Quick and Easy Recipes for Gluten-Free Snacks, Packed Lunches, and Simple Meals",Food and Drink,UPC46c1530d7546ea6d,42.16,(15 available)
Grumbles,Default,UPCd163dd6c352fbcd2,22.16,(15 available)
"Fables, Vol. 1: Legends in Exile (Fables #1)",Sequential Art,UPC65d034adf80834b7,41.62,(15 available)
Full Moon over Noahâs Ark: An Odyssey to Mount Ararat and Beyond,Travel,UPCce60436f52c5ee68,49.43,(15 available)
Eureka Trivia 6.0,Default,UPC29c0025455f8c585,54.59,(15 available)
Done Rubbed Out (Reightman & Bailey #1),Default,UPCf6d967cdadc6fbd9,37.72,(15 available)
Chasing Heaven: What Dying Taught Me About Living,Spirituality,UPC513271dadc1322ae,37.80,(15 available)
"Daring Greatly: How the Courage to Be Vulnerable Transforms the Way We Live, Love, Parent, and Lead",Nonfiction,UPC3b9a3b4624b7fd6d,19.43,(15 available)
Batman: The Dark Knight Returns (Batman),Sequential Art,UPC47271d8e08b5d31c,15.38,(15 available)
Anonymous,Default,UPCd24b829be2ca81c4,46.82,(15 available)
"Wonder Woman: Earth One, Volume One (Wonder Woman: Earth One #1)",Sequential Art,UPC047097293bb4d1c0,37.34,(14 available)
Batman: The Long Halloween (Batman),Sequential Art,UPC7edc0527cf782e19,36.50,(15 available)
Amy Meets the Saints and Sages,Default,UPC7ebfa6c1bee69e1e,18.46,(15 available)
Dark Notes,Erotica,UPC88c21fcd38e2486e,19.19,(15 available)
Becoming Wise: An Inquiry into the Mystery and Art of Living,Nonfiction,UPC919e7cb2269a25d2,27.43,(15 available)
You (You #1),Thriller,UPC024387ca4cafd5cc,43.61,(14 available)
Big Magic: Creative Living Beyond Fear,Nonfiction,UPC1f329c2e7d7de8bd,30.80,(15 available)
Zealot: The Life and Times of Jesus of Nazareth,History,UPCdd5bfa6cc2c0ecc3,24.70,(14 available)
Agnostic: A Spirited Manifesto,Nonfiction,UPCd195e7f4ed697350,12.51,(15 available)
Amatus,Default,UPCffd54178acc9a6a5,50.54,(15 available)
Beauty Restored (Riley Family Legacy Novellas #3),Default,UPC3f69e667a67e54d9,11.11,(15 available)
Ayumi's Violin,Default,UPC05f7c6d9a4e582d3,15.48,(15 available)
Why the Right Went Wrong: Conservatism--From Goldwater to the Tea Party and Beyond,Politics,UPC2b5054a4192e9b06,52.65,(14 available)
Wild Swans,Young Adult,UPC3fb15ace50d6142b,14.36,(14 available)
Close to You,Christian Fiction,UPCa57b1dcbd6849222,49.46,(15 available)
Amid the Chaos,Cultural,UPCbb8245f52c7cce8f,36.58,(15 available)
Until Friday Night (The Field Party #1),Young Adult,UPCaba2db9afb1469c7,46.31,(14 available)
V for Vendetta (V for Vendetta Complete),Default,UPC4a1debca3135ff37,37.10,(14 available)
Through the Woods,Sequential Art,UPC6e44bcbeac7f4360,25.38,(14 available)
The Rosie Project (Don Tillman #1),Default,UPC012094e90a4b908d,54.04,(14 available)
"We Are Robin, Vol. 1: The Vigilante Business (We Are Robin #1)",Sequential Art,UPC92275cedf6d8ee15,53.90,(14 available)
This Is Where It Ends,Young Adult,UPCf0f38174a7e689a3,27.12,(14 available)
The Wedding Pact (The O'Malleys #2),Romance,UPCc5cb9f885d8b3621,32.61,(14 available)
The Wright Brothers,Default,UPC08b2f71d93836313,56.80,(14 available)
What's It Like in Space?: Stories from Astronauts Who've Been There,Nonfiction,UPC6fd646a334e6e133,19.60,(14 available)
"Unbroken: A World War II Story of Survival, Resilience, and Redemption",Default,UPC76c84daa539426e2,45.95,(14 available)
The Song of Achilles,Add a comment,UPCe88fb1c9397cfb27,37.40,(14 available)
The Songs of the Gods,Default,UPC00c4543ec6bd25b4,44.48,(14 available)
The Year of Magical Thinking,Nonfiction,UPC34c0d7c4ee5650af,43.04,(14 available)
The Time Keeper,Fiction,UPCe9906e2f0d189745,27.88,(14 available)
The Star-Touched Queen,Fantasy,UPC1528279aec1f3dce,46.02,(14 available)
Twenty Yawns,Childrens,UPC1d6443ffba9dfd80,22.08,(14 available)
Walt Disney's Alice in Wonderland,Childrens,UPC6a31307a81e8f3a8,12.96,(14 available)
The Testament of Mary,Fiction,UPC081305e6df719dff,52.67,(14 available)
The White Queen (The Cousins' War #1),Add a comment,UPC6875c5657661b2fb,25.91,(14 available)
Whole Lotta Creativity Going On: 60 Fun and Unusual Exercises to Awaken and Strengthen Your Creativity,Nonfiction,UPC44a10f1ac8ce822e,38.20,(14 available)
Tastes Like Fear (DI Marnie Rome #3),Mystery,UPC2d1e337aaf341858,10.69,(14 available)
The Guilty (Will Robie #4),Thriller,UPC847935fc68707426,13.82,(14 available)
The 14th Colony (Cotton Malone #11),Thriller,UPC1b8187fa4bf6ab05,39.24,(14 available)
The Hidden Oracle (The Trials of Apollo #1),Fantasy,UPC992974ba6a0536ea,52.26,(14 available)
The Help Yourself Cookbook for Kids: 60 Easy Plant-Based Recipes Kids Can Make to Stay Healthy and Save the Earth,Food and Drink,UPCddc8340dabc8641b,28.77,(14 available)
Take Me with You,Fiction,UPC2c04320e110a14a3,45.21,(14 available)
The Bad-Ass Librarians of Timbuktu: And Their Race to Save the Worldâs Most Precious Manuscripts,Nonfiction,UPC923831a05c9f91f7,15.77,(14 available)
The Lucifer Effect: Understanding How Good People Turn Evil,Psychology,UPC4e812d32d64e2431,10.40,(14 available)
The Power of Habit: Why We Do What We Do in Life and Business,Default,UPC6bdd909329435e80,16.88,(14 available)
The Literature Book (Big Ideas Simply Explained),Nonfiction,UPC4881cc53f6c8892f,17.43,(14 available)
The Dovekeepers,Add a comment,UPC3d76bc83c6b644c9,48.78,(14 available)
The Bane Chronicles (The Bane Chronicles #1-11),Fantasy,UPCdc6f688b82e42a5b,44.73,(14 available)
The Marriage of Opposites,Historical Fiction,UPC52cf2a5933ec5d8f,28.08,(14 available)
The Darkest Lie,Young Adult,UPC6edacfd1f8ebb9eb,35.35,(14 available)
The Long Haul (Diary of a Wimpy Kid #9),Humor,UPCf21effc079a2b38a,44.07,(14 available)
The Immortal Life of Henrietta Lacks,Add a comment,UPCf72f61ad6a5f12ed,40.67,(14 available)
The Loney,Horror,UPC2d88a31f325dfd3b,23.40,(14 available)
The Last Mile (Amos Decker #2),Mystery,UPC3bc89353f7e3a3cc,54.21,(14 available)
The First Hostage (J.B. Collins #2),Fiction,UPCa86972014275e072,25.85,(14 available)
That Darkness (Gardiner and Renner #1),Mystery,UPC0c7b9cf2b7662b65,13.92,(14 available)
Sorting the Beef from the Bull: The Science of Food Fraud Forensics,Science,UPC3edcccc4f341fb1a,44.74,(14 available)
See America: A Celebration of Our National Parks & Treasured Sites,Travel,UPCf9705c362f070608,48.87,(14 available)
Steve Jobs,Default,UPC95019eac1c0a052f,39.50,(14 available)
salt.,Poetry,UPC86cbddb61ea78bb7,46.78,(14 available)
Swell: A Year of Waves,Nonfiction,UPC4c8b7540409da4ac,45.58,(14 available)
Robin War,Sequential Art,UPC85b2176b3b194030,47.82,(14 available)
No Dream Is Too High: Life Lessons From a Man Who Walked on the Moon,Nonfiction,UPC132ec5e8c984adef,21.95,(14 available)
"Red Hood/Arsenal, Vol. 1: Open for Business (Red Hood/Arsenal #1)",Sequential Art,UPC31e2e2d9cca3778f,25.48,(14 available)
"Quarter Life Poetry: Poems for the Young, Broke and Hangry",Poetry,UPCaa35446aab16017f,50.89,(14 available)
Shtum,Fiction,UPC830fb3967c74866d,55.84,(14 available)
Still Life with Bread Crumbs,Fiction,UPCfe44cc816576c652,26.41,(14 available)
Superman Vol. 1: Before Truth (Superman by Gene Luen Yang #1),Sequential Art,UPCac8e3949d284e9a9,11.89,(14 available)
Old School (Diary of a Wimpy Kid #10),Humor,UPC02b74068fa98d8a4,11.83,(14 available)
"Naruto (3-in-1 Edition), Vol. 14: Includes Vols. 40, 41 & 42 (Naruto: Omnibus #14)",Sequential Art,UPC71e36f33981ddb74,38.39,(14 available)
Someone Like You (The Harrisons #2),Contemporary,UPCa278db6b2b09cf9f,52.79,(14 available)
"Overload: How to Unplug, Unwind, and Unleash Yourself from the Pressure of Stress",Self Help,UPC8ecf0356a3878811,52.15,(14 available)
Once Was a Time,Childrens,UPCe34efcc824685332,18.28,(14 available)
Rain Fish,Childrens,UPCa6454e329f872b78,23.57,(14 available)
"So Cute It Hurts!!, Vol. 6 (So Cute It Hurts!! #6)",Sequential Art,UPC394f6d30cafc3edb,35.43,(14 available)
Pet Sematary,Horror,UPCaf58a74e4b2a23a0,10.56,(14 available)
Love Is a Mix Tape (Music #1),Music,UPCadb5f51c2e2ab13f,18.03,(14 available)
Lady Midnight (The Dark Artifices #1),Default,UPC708345c9897fd7c5,16.28,(14 available)
My Name Is Lucy Barton,Fiction,UPC727bf2b86b19ad88,41.56,(14 available)
Looking for Lovely: Collecting the Moments that Matter,Nonfiction,UPC24af96df0bafb925,29.14,(14 available)
Luis Paints the World,Childrens,UPC5b43cae640f2338a,53.95,(14 available)
Luckiest Girl Alive,Default,UPCd512871626a5e588,49.83,(14 available)
My Kind of Crazy,Young Adult,UPC137b0b2775701e11,40.36,(14 available)
I Know What I'm Doing -- and Other Lies I Tell Myself: Dispatches from a Life Under Construction,Humor,UPCb8a8ff84233f0570,25.98,(14 available)
"It's All Easy: Healthy, Delicious Weeknight Meals in under 30 Minutes",Food and Drink,UPC245e6bf08b8d2955,19.55,(14 available)
Let It Out: A Journey Through Journaling,Nonfiction,UPC1174156c4a0eccaa,26.79,(14 available)
Lowriders to the Center of the Earth (Lowriders in Space #2),Sequential Art,UPCa10c7515834240f3,51.51,(14 available)
"Hush, Hush (Hush, Hush #1)",Default,UPC6b6cd77fbc91b7a6,47.02,(14 available)
Mr. Mercedes (Bill Hodges Trilogy #1),Fiction,UPCcaa2e5b3fb1b2d4c,28.90,(14 available)
Island of Dragons (Unwanteds #7),Fantasy,UPC2b52334fab158861,29.65,(14 available)
My Mrs. Brown,Fiction,UPCcc82685d9f49bc2c,24.48,(14 available)
Made to Stick: Why Some Ideas Survive and Others Die,Business,UPCb96fc7a0ea7d4b45,38.85,(14 available)
"Living Leadership by Insight: A Good Leader Achieves, a Great Leader Builds Monuments",Default,UPC17fb5a88180f9904,46.91,(14 available)
"Hyperbole and a Half: Unfortunate Situations, Flawed Coping Mechanisms, Mayhem, and Other Things That Happened",Humor,UPCfbb21a2f71f4d981,14.75,(14 available)
I Am Pilgrim (Pilgrim #1),Fiction,UPCaeff7b87a8e83ebb,10.60,(14 available)
More Than Music (Chasing the Dream #1),Add a comment,UPC47d47155e89c8be7,37.61,(14 available)
"Eaternity: More than 150 Deliciously Easy Vegan Recipes for a Long, Healthy, Satisfied, Joyful Life",Nonfiction,UPCa01f6d368ef64dc5,51.75,(14 available)
Eligible (The Austen Project #4),Fiction,UPC9eaf58b03a2779cc,27.09,(14 available)
God: The Most Unpleasant Character in All Fiction,Religion,UPCeec424a84c9e4c68,30.03,(14 available)
Hold Your Breath (Search and Rescue #1),Romance,UPC0b165bd4b9f42fd5,28.82,(14 available)
Daily Fantasy Sports,Default,UPC0e94a089328be4bc,36.58,(14 available)
Eight Hundred Grapes,Fiction,UPC1d6dd0c87d90fe92,14.39,(14 available)
Doctor Sleep (The Shining #2),Horror,UPCbf5de316a5e9a4ab,40.12,(14 available)
Demigods & Magicians: Percy and Annabeth Meet the Kanes (Percy Jackson & Kane Chronicles Crossover #1-3),Fantasy,UPC3c6fe637a0180b01,37.51,(14 available)
"Eat Fat, Get Thin",Health,UPC047dfa57ba0bf638,54.07,(14 available)
Don't Get Caught,Young Adult,UPCad2887ce04583910,55.35,(14 available)
"Far & Away: Places on the Brink of Change: Seven Continents, Twenty-Five Years",Nonfiction,UPCac4dde0d1be05de0,15.06,(14 available)
Glory over Everything: Beyond The Kitchen House,Historical Fiction,UPCde4b403cb629a29f,45.84,(14 available)
Dear Mr. Knightley,Fiction,UPC94a958ea126cdcd5,11.21,(14 available)
Cometh the Hour (The Clifton Chronicles #6),Fiction,UPC28cf0d1c51b491e5,25.01,(14 available)
Crazy Love: Overwhelmed by a Relentless God,Christian,UPC4b9d9cfe0f435788,47.72,(14 available)
Every Last Word,Default,UPCa2bd4ca82d908442,46.47,(14 available)
Hamilton: The Revolution,Nonfiction,UPCafa829857f82f99e,58.79,(14 available)
Feathers: Displays of Brilliant Plumage,Art,UPC9194ae88379dbf1a,49.05,(14 available)
El Deafo,Sequential Art,UPC27c5968fe43cc06e,57.62,(14 available)
Greek Mythic History,Default,UPCf201f263d8c23f97,10.23,(14 available)
Barefoot Contessa at Home: Everyday Recipes You'll Make Over and Over Again,Food and Drink,UPC0e0da9192a025efc,50.62,(14 available)
Angels Walking (Angels Walking #1),Add a comment,UPC1fbb5f786e53a0ce,34.20,(14 available)
Cell,Add a comment,UPCbfbb54bc8cdeed2b,20.29,(14 available)
Barefoot Contessa Back to Basics,Food and Drink,UPC999912e63a3262ae,28.01,(14 available)
Art Ops Vol. 1,Sequential Art,UPCffdc825785c0ede8,48.80,(14 available)
Angels & Demons (Robert Langdon #1),Default,UPCad41c24ccac0c7ce,51.48,(14 available)
Aristotle and Dante Discover the Secrets of the Universe (Aristotle and Dante Discover the Secrets of the Universe #1),Young Adult,UPC41164b8ac02a2c42,58.14,(14 available)
Buying In: The Secret Dialogue Between What We Buy and Who We Are,Nonfiction,UPC16ef91b9d827859c,37.80,(14 available)
"Carry On, Warrior: Thoughts on Life Unarmed",Default,UPC1b0fc9f777cad045,31.85,(14 available)
Carrie,Default,UPC5f22418922fa728b,46.23,(14 available)
Clockwork Angel (The Infernal Devices #1),Default,UPC42b0c50fc44140ec,44.14,(14 available)
Code Name Verity (Code Name Verity #1),Add a comment,UPC33a3e0e3ffde0dcd,22.13,(14 available)
Brain on Fire: My Month of Madness,Nonfiction,UPCa80f66b254fe9eb3,49.32,(14 available)
Batman: Europa,Sequential Art,UPCbf68dcb5fad3cc8c,32.01,(14 available)
City of Glass (The Mortal Instruments #3),Fantasy,UPC966ebb738e0f9d9b,56.02,(14 available)
Catching Jordan (Hundred Oaks),Young Adult,UPCe2e7b683b4c15b7d,50.83,(14 available)
City of Ashes (The Mortal Instruments #2),Default,UPC8a6ec2761f91dad2,47.27,(14 available)
City of Bones (The Mortal Instruments #1),Default,UPC5b987e54ee72525c,43.28,(14 available)
City of Fallen Angels (The Mortal Instruments #4),Default,UPC1e264c677d4ee4ae,11.23,(14 available)
Balloon Animals,Fiction,UPC9b65f676984c9f0c,17.03,(14 available)
The Silent Sister (Riley MacPherson #1),Fiction,UPCce1ae197ada2aec4,46.29,(12 available)
Will You Won't You Want Me?,Womens Fiction,UPC077b635ff2afc578,13.86,(12 available)
My Kitchen Year: 136 Recipes That Saved My Life,Food and Drink,UPC8bbd7df8a324f31d,11.53,(13 available)
A Distant Mirror: The Calamitous 14th Century,History,UPCd5e0526e1ab682a3,14.58,(14 available)
A Brush of Wings (Angels Walking #3),Add a comment,UPC01a177623cce9596,55.51,(14 available)
13 Hours: The Inside Account of What Really Happened In Benghazi,Nonfiction,UPC4be9d1910f8a4e80,27.06,(13 available)
"The Three Searches, Meaning, and the Story",Default,UPCac5e0d3938caf686,13.33,(13 available)
Searching for Meaning in Gailana,Fantasy,UPC2f0213137a80d485,38.73,(13 available)
"Adulthood Is a Myth: A ""Sarah's Scribbles"" Collection",Sequential Art,UPC5319169a72714c62,10.90,(14 available)
The Star-Touched Queen,Fantasy,UPC4a7a25be293ad678,32.30,(12 available)
Rook,Add a comment,UPC44d97b6707dae3f0,37.86,(13 available)
"A Series of Catastrophes and Miracles: A True Story of Love, Science, and Cancer",Add a comment,UPCc1379d3744f1dd2c,56.48,(14 available)
A Man Called Ove,Fiction,UPC8682c03de6a844ff,39.72,(14 available)
All the Light We Cannot See,Historical,UPC39861fc1c0845d15,29.87,(14 available)
Abstract City,Nonfiction,UPCcf1aa2fc02a7d1e0,56.37,(14 available)
A People's History of the United States,Add a comment,UPC1ad06aed9349af46,40.79,(14 available)
Tipping Point for Planet Earth: How Close Are We to the Edge?,Science,UPC148715df5a02ea5e,37.55,(12 available)
1491: New Revelations of the Americas Before Columbus,History,UPC6e8e5626ac4d279e,21.80,(14 available)
A Time of Torment (Charlie Parker #14),Mystery,UPC4416c474713ec1f5,48.35,(14 available)
A Study in Scarlet (Sherlock Holmes #1),Mystery,UPC63ee5bc46066a8a8,16.73,(14 available)
The Midnight Watch: A Novel of the Titanic and the Californian,Add a comment,UPC14e44163678e24dc,26.20,(12 available)
Snatched: How A Drug Queen Went Undercover for the DEA and Was Kidnapped By Colombian Guerillas,Nonfiction,UPCf40fea200e0c644f,21.21,(12 available)
The Golden Condom: And Other Essays on Love Lost and Found,Psychology,UPC235fa48eeed11d82,39.43,(12 available)
No Love Allowed (Dodge Cove #1),Young Adult,UPCdb84624b151cbe06,54.65,(12 available)
Quench Your Own Thirst: Business Lessons Learned Over a Beer or Two,Business,UPC8976d9161c027142,43.14,(12 available)
The Epidemic (The Program 0.6),Young Adult,UPCf732d7d18a91d2ba,14.44,(12 available)
Stars Above (The Lunar Chronicles #4.5),Young Adult,UPCb63ea3f7a57ae099,48.05,(12 available)
The Children,Add a comment,UPC64fd010bf8d15096,11.88,(12 available)
The Lonely City: Adventures in the Art of Being Alone,Nonfiction,UPC582a21a1dbbef3cf,33.26,(12 available)
One with You (Crossfire #5),Add a comment,UPC81ef44fcc5f454df,15.71,(12 available)
How to Speak Golf: An Illustrated Guide to Links Lingo,Default,UPCb978c9852cde91bd,58.32,(12 available)
The Gray Rhino: How to Recognize and Act on the Obvious Dangers We Ignore,Add a comment,UPC3063c7e95d0bf76f,59.15,(12 available)
"Love, Lies and Spies",Historical Fiction,UPC9546d537fbf99eb6,20.55,(12 available)
The Dinner Party,Fiction,UPCc6ca293d4810e0d5,56.54,(12 available)
Poisonous (Max Revere Novels #3),Mystery,UPCabdd91e96515a617,26.80,(12 available)
The Diary of a Young Girl,Nonfiction,UPC54fc03f1e1d355db,59.90,(12 available)
Psycho: Sanitarium (Psycho #1.5),Horror,UPCb8d7b3f5c7a95d65,36.97,(12 available)
Murder at the 42nd Street Library (Raymond Ambler #1),Mystery,UPCe7fe3bf2768602cf,54.36,(12 available)
Most Wanted,Mystery,UPCc039f5aceb093537,35.28,(12 available)
Raspberry Pi Electronics Projects for the Evil Genius,Default,UPCebf81a62e4798fd1,49.67,(12 available)
Dirty (Dive Bar #1),Romance,UPCdf7e628bad5782b4,40.83,(12 available)
The Art of Startup Fundraising,Business,UPC1c584f82a7a1c4f0,21.00,(11 available)
"The Sleep Revolution: Transforming Your Life, One Night at a Time",Nonfiction,UPC985991708c47003e,11.68,(11 available)
Boar Island (Anna Pigeon #19),Mystery,UPC49b24c6a41b82bd2,59.48,(12 available)
Troublemaker: Surviving Hollywood and Scientology,Default,UPC515cb8fcafb1ad98,48.39,(11 available)
Off the Hook (Fishing for Trouble #1),Romance,UPCb783ce08802cd1d1,47.67,(11 available)
Hide Away (Eve Duncan #20),Mystery,UPCbddc6fd036eb6279,11.84,(12 available)
Playing with Fire,Mystery,UPC05a61a3bd8ca4149,13.71,(11 available)
Eleanor & Park,Default,UPC6983328f15506cb9,56.51,(12 available)
"A la Mode: 120 Recipes in 60 Pairings: Pies, Tarts, Cakes, Crisps, and More Topped with Ice Cream, Gelato, Frozen Custard, and More",Food and Drink,UPCa4eef523118805ef,38.77,(12 available)
Sleeping Giants (Themis Files #1),Science Fiction,UPCf435aa99d864077d,48.74,(11 available)
"Setting the World on Fire: The Brief, Astonishing Life of St. Catherine of Siena",Biography,UPCb06599b108e83f98,21.15,(11 available)
Furiously Happy: A Funny Book About Horrible Things,Nonfiction,UPCc6a29d6df8de968c,41.46,(12 available)
Take Me Home Tonight (Rock Star Romance #3),Romance,UPCcf62fa272b5f0fa3,53.98,(11 available)
The Improbability of Love,Fiction,UPC437d8dea9272d0a9,59.45,(11 available)
Equal Is Unfair: America's Misguided Fight Against Income Inequality,Politics,UPC3968e3fbf4695d7c,56.86,(12 available)
Can You Keep a Secret? (Fear Street Relaunch #4),Horror,UPCd069086944f2e330,48.64,(12 available)
The Widow,Mystery,UPC6159d8b187831770,27.26,(11 available)
A Paris Apartment,Historical Fiction,UPC63343e287971bb0c,39.01,(12 available)
Everyday Italian: 125 Simple and Delicious Recipes,Food and Drink,UPC76319fe9d8b465a3,20.10,(12 available)
Arena,Science Fiction,UPC2c34f9432069b52b,21.36,(11 available)
Adultery,Default,UPCbb967277222e689c,20.88,(11 available)
It Didn't Start with You: How Inherited Family Trauma Shapes Who We Are and How to End the Cycle,Psychology,UPCce8666d9b42fc9a0,56.27,(11 available)
M Train,Autobiography,UPC5569c3fea112718e,27.18,(11 available)
Mothering Sunday,Fiction,UPC47e1b2d43f709995,13.34,(11 available)
A Mother's Reckoning: Living in the Aftermath of Tragedy,Nonfiction,UPC2b69dec0193511d9,19.53,(11 available)
Lab Girl,Autobiography,UPC825d6c44da3ca5a6,40.85,(11 available)
Grey (Fifty Shades #4),Womens Fiction,UPCb5953ca1f8a0b8d7,48.49,(11 available)
11/22/63,Fiction,UPCa9d7b75461084a26,48.48,(11 available)
A Gentleman's Position (Society of Gentlemen #3),Romance,UPC40c4bf520c17de54,14.75,(11 available)
Lilac Girls,Historical Fiction,UPCbade9943ee01b63f,17.28,(11 available)
Keep Me Posted,Womens Fiction,UPC20dc4f1ac5d4fd9c,20.46,(11 available)
Cravings: Recipes for What You Want to Eat,Food and Drink,UPC2587c54f5530dafc,20.50,(11 available)
Lies and Other Acts of Love,Fiction,UPC469508882dfc1991,45.14,(11 available)
10-Day Green Smoothie Cleanse: Lose Up to 15 Pounds in 10 Days!,Health,UPC96aa539bfd4c07e2,49.71,(10 available)
"Mother, Can You Not?",Nonfiction,UPC28b2df9fadc9f07e,16.89,(11 available)
"10% Happier: How I Tamed the Voice in My Head, Reduced Stress Without Losing My Edge, and Found Self-Help That Actually Works",Nonfiction,UPC34669b2e9d407d3a,24.57,(10 available)
Daredevils,Fiction,UPCf608c903c451f387,16.34,(11 available)
Born for This: How to Find the Work You Were Meant to Do,Business,UPC816180220e8cb419,21.59,(11 available)
"Exit, Pursued by a Bear",Young Adult,UPCc65c25d990fc7025,51.34,(11 available)
"The Fabric of the Cosmos: Space, Time, and the Texture of Reality",Science,UPCca74f2e3c35a3e77,55.91,(9 available)
If I Gave You God's Phone Number....: Searching for Spirituality in America,Spirituality,UPC8fab4c4f6f82a4ce,20.91,(9 available)
Dress Your Family in Corduroy and Denim,Humor,UPC7e9068872228c474,43.68,(9 available)
The Art and Science of Low Carbohydrate Living,Health,UPCf9c87ccb2bc4853b,52.98,(9 available)
"Fruits Basket, Vol. 9 (Fruits Basket #9)",Sequential Art,UPC97187f5cf0385da3,33.95,(9 available)
"The Moosewood Cookbook: Recipes from Moosewood Restaurant, Ithaca, New York",Food and Drink,UPC65cfc9f242c2984a,12.34,(9 available)
Underlying Notes,Default,UPC0967effecd292a86,11.82,(9 available)
Nap-a-Roo,Childrens,UPC913e7109cec0cb4c,25.08,(9 available)
The Alien Club,Young Adult,UPCe77594ece9b9d1fe,54.40,(9 available)
The Flowers Lied,Default,UPC33396269bcce166f,16.68,(9 available)
Without Shame,Add a comment,UPCab60e6f5a63e1cfb,48.27,(9 available)
Don't Forget Steven,Young Adult,UPCe845d305f64154f1,33.23,(9 available)
"NaNo What Now? Finding your editing process, revising your NaNoWriMo book and building a writing career through publishing and beyond",Default,UPCee6c67859d70186b,10.41,(9 available)
The Shack,Fiction,UPC903a9f8090104c2c,28.03,(9 available)
Suzie Snowflake: One beautiful flake (a self-esteem story),Novels,UPC0e095ed785af7e43,54.81,(9 available)
Unlimited Intuition Now,Default,UPC4fd0a2a350f016e6,58.87,(9 available)
Modern Day Fables,Default,UPC6baac632f7711e26,47.44,(9 available)
The Book of Mormon,Religion,UPC3f25a2fedae191cc,24.57,(9 available)
The New Brand You: Your New Image Makes the Sale for You,Default,UPC4b50fb1359ebf35d,44.05,(9 available)
Watchmen,Add a comment,UPCd1848064c54e01c7,58.05,(9 available)
The E-Myth Revisited: Why Most Small Businesses Don't Work and What to Do About It,Business,UPCa2308a936e898d48,36.91,(8 available)
The Martian (The Martian #1),Default,UPC9afd00e81d6208e6,41.39,(8 available)
The New Drawing on the Right Side of the Brain,Art,UPC3eec766dda26fa64,43.02,(8 available)
Why Not Me?,Nonfiction,UPC04f6c929888f4f11,17.76,(8 available)
Shadows of the Past (Logan Point #1),Christian Fiction,UPCbee6e93e9976f4fa,39.67,(8 available)
Smarter Faster Better: The Secrets of Being Productive in Life and Business,Nonfiction,UPCa2475a245c9907c4,38.89,(8 available)
A Shard of Ice (The Black Symphony Saga #1),Fantasy,UPC63d5f1651880dcea,56.63,(9 available)
The High Mountains of Portugal,Fiction,UPC4f283dfcbeccc0d4,51.15,(8 available)
The Grownup,Short Stories,UPC1bba4b1ba23ed2d6,35.88,(8 available)
Vagabonding: An Uncommon Guide to the Art of Long-Term World Travel,Travel,UPC1809259a5a5f1d8d,36.94,(8 available)
Art and Fear: Observations on the Perils (and Rewards) of Artmaking,Art,UPCd6d9ffea95f2f8bf,48.63,(9 available)
Chernobyl 01:23:40: The Incredible True Story of the World's Worst Nuclear Disaster,Nonfiction,UPC7186241e043de5dc,35.92,(9 available)
A Hero's Curse (The Unseen Chronicles #1),Add a comment,UPCc181ca8eabe7d18c,50.49,(9 available)
When Breath Becomes Air,Nonfiction,UPCb69c852e7e3956af,39.36,(8 available)
"The Midnight Assassin: Panic, Scandal, and the Hunt for America's First Serial Killer",Nonfiction,UPC5a0d2e9284004266,28.45,(8 available)
"Zero to One: Notes on Startups, or How to Build the Future",Nonfiction,UPCe77033ce559947f7,34.06,(8 available)
Silence in the Dark (Logan Point #4),Suspense,UPCe46a164cf310fd7d,58.33,(8 available)
The Unlikely Pilgrimage of Harold Fry (Harold Fry #1),Default,UPCe0bdd79c7304ee8d,43.62,(8 available)
South of Sunshine,Young Adult,UPC331c26103d885cae,28.93,(8 available)
23 Degrees South: A Tropical Tale of Changing Whether...,Add a comment,UPC61cf7eb9d2cd8bb0,35.79,(9 available)
Roller Girl,Sequential Art,UPCaeb51dfbe8aeec59,14.10,(8 available)
Kierkegaard: A Christian Missionary to Christians,Philosophy,UPC0cf57cb49272fd37,47.13,(8 available)
Man's Search for Meaning,Nonfiction,UPC4729afff3bea0f0a,29.48,(8 available)
Kill 'Em and Leave: Searching for James Brown and the American Soul,Music,UPC39eefec3a8498dde,45.05,(8 available)
Please Kill Me: The Uncensored Oral History of Punk,Music,UPC4a823d80aa30dbb0,31.19,(8 available)
John Vassos: Industrial Design for Modern Life,Default,UPCbd26e8a79a856c31,20.22,(8 available)
Hystopia: A Novel,Fiction,UPC0bfdef63285d3019,21.96,(8 available)
History of Beauty,Art,UPC8a150fd8ff5d7686,10.29,(8 available)
Rising Strong,Nonfiction,UPC52fc458ffc756faf,21.82,(8 available)
Miller's Valley,Fiction,UPCbff270fe9c86a5a9,58.54,(8 available)
I'll Give You the Sun,Default,UPC0ab4b35dcffcffd1,56.48,(8 available)
Living Forward: A Proven Plan to Stop Drifting and Get the Life You Want,Nonfiction,UPC044534b0b28b4e87,12.55,(8 available)
Howl and Other Poems,Poetry,UPCb7870fa6dc088fbb,40.45,(8 available)
Left Behind (Left Behind #1),Default,UPC29af1a2566c4e36e,40.72,(8 available)
My Life Next Door (My Life Next Door ),Young Adult,UPC9a7291b89bd5445c,36.39,(8 available)
I Will Find You,Nonfiction,UPCbbf1ea50be8008ab,44.21,(8 available)
"Love That Boy: What Two Presidents, Eight Road Trips, and My Son Taught Me About a Parent's Expectations",Nonfiction,UPC4d3a4c7b442a9a4e,25.06,(8 available)
Proofs of God: Classical Arguments from Tertullian to Barth,Philosophy,UPCd56d0710668bb39c,54.21,(8 available)
Les Fleurs du Mal,Poetry,UPCc44c5e1425475206,29.04,(8 available)
Out of Print: City Lights Spotlight No. 14,Poetry,UPCc0fc0cd215ee1724,53.64,(8 available)
The Year of Living Biblically: One Man's Humble Quest to Follow the Bible as Literally as Possible,Default,UPC4a0b78598b42897a,34.72,(7 available)
Brazen: The Courage to Find the You That's Been Hiding,Nonfiction,UPC77e9ea355bd8ae57,19.22,(8 available)
What Happened on Beale Street (Secrets of the South Mysteries #2),Mystery,UPC9735c969c652dd89,25.37,(7 available)
Ender's Game (The Ender Quintet #1),Default,UPCe049d44c4f1cf1b2,43.64,(8 available)
Wildlife of New York: A Five-Borough Coloring Book,Default,UPCb46d022080543144,22.14,(7 available)
Toddlers Are A**holes: It's Not Your Fault,Humor,UPC4242cc3d0437db12,25.55,(7 available)
"A Murder Over a Girl: Justice, Gender, Junior High",Nonfiction,UPCfef91502cbacf23a,13.20,(8 available)
32 Yolks,Food and Drink,UPCb1a227b7609ff263,53.63,(8 available)
Diary of a Citizen Scientist: Chasing Tiger Beetles and Other New Ways of Engaging the World,Science,UPC0c11e2d068768dbb,28.41,(8 available)
"""Most Blessed of the Patriarchs"": Thomas Jefferson and the Empire of the Imagination",History,UPCf16c2edb2a603f92,44.48,(8 available)
Between the World and Me,Nonfiction,UPC04e3de7ac35ec5cd,56.91,(8 available)
Death by Leisure: A Cautionary Tale,Default,UPC4dbd54d9e36c9566,37.51,(8 available)
Under the Tuscan Sun,Travel,UPCa94350ee74deaa07,37.33,(7 available)
Heaven is for Real: A Little Boy's Astounding Story of His Trip to Heaven and Back,Default,UPCd48c1369927ebef1,52.86,(8 available)
The Whale,Childrens,UPC0ff9d10864db8364,35.96,(7 available)
You Are a Badass: How to Stop Doubting Your Greatness and Start Living an Awesome Life,Self Help,UPC88ec621893e595d0,12.08,(7 available)
Future Shock (Future Shock #1),Young Adult,UPCdf6a7c43faa6732b,55.65,(8 available)
Brilliant Beacons: A History of the American Lighthouse,History,UPC7f5157bf53065d36,11.45,(8 available)
Being Mortal: Medicine and What Matters in the End,Nonfiction,UPC15ebd83e53d0391b,55.06,(8 available)
Unreasonable Hope: Finding Faith in the God Who Brings Purpose to Your Pain,Spirituality,UPC48cb52d78c992487,46.33,(7 available)
Sister Dear,Fiction,UPC7ffebdd1d5148aef,40.20,(7 available)
The Glass Castle,Add a comment,UPC47f4fd3e8e1dac05,16.24,(7 available)
Raymie Nightingale,Childrens,UPC31c56c4d0fe19340,34.41,(7 available)
"Sit, Stay, Love",Romance,UPCbd087cf6a846db75,20.90,(7 available)
The Constant Princess (The Tudor Court #1),Historical Fiction,UPC24933c712f0bca2f,16.62,(7 available)
The Drowning Girls,Add a comment,UPC7a10353c9c54cf7c,35.67,(7 available)
The Bachelor Girl's Guide to Murder (Herringford and Watts Mysteries #1),Mystery,UPC20789fb17b423c4c,52.30,(7 available)
The Great Gatsby,Default,UPCa8dbf1c6b41b885a,36.05,(7 available)
The 7 Habits of Highly Effective People: Powerful Lessons in Personal Change,Default,UPC5fbd03b1ac0a0e69,33.17,(7 available)
Team of Rivals: The Political Genius of Abraham Lincoln,Add a comment,UPCba047a636b7d3793,20.12,(7 available)
"Rich Dad, Poor Dad",Business,UPC8486f61aa81a3daa,51.74,(7 available)
The Origin of Species,Science,UPC0345872b14f9e774,10.01,(7 available)
Steal Like an Artist: 10 Things Nobody Told You About Being Creative,Default,UPC8776181be110838a,20.90,(7 available)
The Good Girl,Default,UPCf935412970c9f58f,49.03,(7 available)
The Faith of Christopher Hitchens: The Restless Soul of the World's Most Notorious Atheist,Biography,UPC57f85720e54d6442,39.55,(7 available)
The Art Book,Art,UPC4b8fa561a1e52d1c,32.34,(7 available)
The Story of Art,Art,UPC9147c5251cc99eb1,41.14,(7 available)
"Shrunken Treasures: Literary Classics, Short, Sweet, and Silly",Childrens,UPC9639e89d20228e6e,52.87,(7 available)
The Bourne Identity (Jason Bourne #1),Fiction,UPCd250657f0ebc5d73,42.78,(7 available)
Playing from the Heart,Childrens,UPC68008abf6409dfde,32.38,(7 available)
Leave This Song Behind: Teen Poetry at Its Best,Poetry,UPCb74ee891e2a6dd69,51.17,(7 available)
Nightstruck: A Novel,Young Adult,UPC746029796363aa51,50.35,(7 available)
Finding God in the Ruins: How God Redeems Pain,Nonfiction,UPC4e78f06160b717ac,46.64,(7 available)
Meternity,Womens Fiction,UPC725cd8d23d78cdca,43.58,(7 available)
Like Never Before (Walker Family #2),Christian Fiction,UPCb6670507e85b30e6,28.77,(7 available)
King's Folly (The Kinsman Chronicles #1),Fantasy,UPC4c82371b8cd02d4d,39.61,(7 available)
John Adams,Add a comment,UPC68407606544d6f22,57.43,(7 available)
Life of Pi,Default,UPC40cdcbb7692fd408,13.22,(7 available)
"Chronicles, Vol. 1",Music,UPC4781b6bfd6f7a2c5,52.60,(7 available)
How to Be a Domestic Goddess: Baking and the Art of Comfort Cooking,Food and Drink,UPCeff5710404e2ff78,28.25,(7 available)
How to Cook Everything Vegetarian: Simple Meatless Recipes for Great Food (How to Cook Everything),Food and Drink,UPC2a9fcb3382d351c8,46.01,(7 available)
Counted With the Stars (Out from Egypt #1),Christian Fiction,UPC4807043b8218e9ce,17.97,(7 available)
For the Love: Fighting for Grace in a World of Impossible Standards,Nonfiction,UPC2e40333991f56f45,45.13,(7 available)
Blue Like Jazz: Nonreligious Thoughts on Christian Spirituality,Christian,UPCa322361a37a78d3d,25.77,(7 available)
Every Heart a Doorway (Every Heart A Doorway #1),Fantasy,UPC4fa75fc6829431ca,12.16,(7 available)
Memoirs of a Geisha,Fiction,UPCdac4b5847454fd9b,49.67,(7 available)
Good in Bed (Cannie Shapiro #1),Add a comment,UPCc00bc29a678a6efb,37.05,(7 available)
"Naturally Lean: 125 Nourishing Gluten-Free, Plant-Based Recipes--All Under 300 Calories",Food and Drink,UPC924438fc6cbec836,11.38,(7 available)
"Fruits Basket, Vol. 7 (Fruits Basket #7)",Sequential Art,UPCde6d7645f192d517,19.57,(7 available)
Delivering the Truth (Quaker Midwife Mystery #1),Mystery,UPC4e980425468708da,20.89,(7 available)
Benjamin Franklin: An American Life,Biography,UPC5b546a46a86a9d8c,48.19,(7 available)
The Joy of Cooking,Add a comment,UPCd326e189b1210916,43.27,(6 available)
The Mysterious Affair at Styles (Hercule Poirot #1),Mystery,UPC2da5edf8b5776c9a,24.80,(6 available)
The Sound Of Love,Default,UPC5ba3d703d1ae0c1d,57.84,(6 available)
The Great Railway Bazaar,Travel,UPC48736df57e7bec9f,30.54,(6 available)
The Hobbit (Middle-Earth Universe),Default,UPC72b5355dda190b6a,17.80,(6 available)
The Collected Poems of W.B. Yeats (The Collected Works of W.B. Yeats #1),Poetry,UPC3d250ab0f12be445,15.42,(6 available)
The Makings of a Fatherless Child,Default,UPC2efa5a839e62b1bd,31.58,(6 available)
The Perks of Being a Wallflower,Default,UPCfd364afd082f5446,55.02,(6 available)
The Invention of Wings,Historical Fiction,UPCe6635f5b0a2c78db,37.34,(6 available)
A Gathering of Shadows (Shades of Magic #2),Fantasy,UPCd1378a0ad06ff979,44.81,(7 available)
A Summer In Europe,Travel,UPCcc1936a9f4e93477,44.34,(7 available)
The Rise and Fall of the Third Reich: A History of Nazi Germany,History,UPC774fa432bd7d9c47,39.67,(6 available)
The God Delusion,Add a comment,UPC2bc80eba94950873,46.85,(6 available)
The Girl You Left Behind (The Girl You Left Behind #1),Historical,UPCeb7459e0c570251d,15.79,(6 available)
The Man Who Mistook His Wife for a Hat and Other Clinical Tales,Nonfiction,UPC60376aa71be66083,59.45,(6 available)
"At The Existentialist CafÃ©: Freedom, Being, and apricot cocktails with: Jean-Paul Sartre, Simone de Beauvoir, Albert Camus, Martin Heidegger, Edmund Husserl, Karl Jaspers, Maurice Merleau-Ponty and others",Philosophy,UPC6b52904b2ab91bf6,29.93,(7 available)
A Short History of Nearly Everything,History,UPC6c7fa6844380f50a,52.40,(7 available)
The Fellowship of the Ring (The Lord of the Rings #1),Default,UPCcb17945cb90b7837,10.27,(6 available)
The Golden Compass (His Dark Materials #1),Add a comment,UPCd33824cb93ecab6f,18.77,(6 available)
"Fruits Basket, Vol. 6 (Fruits Basket #6)",Sequential Art,UPC97258f576d4bb672,20.96,(6 available)
Better Homes and Gardens New Cook Book,Food and Drink,UPCfaf841f81c52638b,39.61,(6 available)
Mere Christianity,Add a comment,UPCf38f37ed934d84b2,48.51,(6 available)
Musicophilia: Tales of Music and the Brain,Default,UPC6d235933670503d9,46.58,(6 available)
Give It Back,Thriller,UPC012170e4fc87ace0,18.32,(6 available)
Deception Point,Fiction,UPC4e3b183180e2a992,40.32,(6 available)
"Girl, Interrupted",Nonfiction,UPC384c7d41d5ffe9d1,42.14,(6 available)
In the Woods (Dublin Murder Squad #1),Mystery,UPC6958de044cb28a84,38.38,(6 available)
The Barefoot Contessa Cookbook,Food and Drink,UPC6478ccb4416e6a5d,59.92,(6 available)
Catherine the Great: Portrait of a Woman,History,UPCf3c70d296ec796c4,58.55,(6 available)
An Unquiet Mind: A Memoir of Moods and Madness,Psychology,UPC46cb43c2ab133ccc,21.30,(6 available)
Me Before You (Me Before You #1),Fiction,UPC7a2b51f69e81c722,19.02,(6 available)
In Cold Blood,Nonfiction,UPCfe0f34ebed689381,49.98,(6 available)
A Year in Provence (Provence #1),Travel,UPC9e60929f521fa280,56.88,(6 available)
Pride and Prejudice,Add a comment,UPC720c36b2bee4692e,19.27,(6 available)
How to Stop Worrying and Start Living,Self Help,UPCe792c0969cefe1b8,46.49,(6 available)
Ship Leaves Harbor: Essays on Travel by a Recovering Journeyman,Default,UPC8d8e9f9b8730eb25,30.60,(6 available)
Fun Home: A Family Tragicomic,Add a comment,UPC56a34d0cec11d6b0,56.59,(6 available)
Tell the Wolves I'm Home,Young Adult,UPC2a1b3d967cda1da2,50.96,(6 available)
"Death Note, Vol. 6: Give-and-Take (Death Note #6)",Sequential Art,UPC6e06d0f00f6da20f,36.39,(6 available)
The Expatriates,Fiction,UPCfe7210553d56c097,44.58,(5 available)
The Power Greens Cookbook: 140 Delicious Superfood Recipes,Food and Drink,UPCf701fae56b645ef7,11.05,(5 available)
The Little Paris Bookshop,Fiction,UPCdfd9ff1f343cdaff,24.73,(5 available)
"Will Grayson, Will Grayson (Will Grayson, Will Grayson)",Young Adult,UPCe75f3ae1da1cc652,47.31,(5 available)
The Firm,Fiction,UPCad84f18659e6bfe2,45.56,(5 available)
The Fault in Our Stars,Default,UPC3661360c99719414,47.22,(5 available)
World Without End (The Pillars of the Earth #2),Historical Fiction,UPC2e5b4ff08a75fd02,32.97,(5 available)
The Hiding Place,History,UPCc4589ee5977a47be,55.91,(5 available)
What If?: Serious Scientific Answers to Absurd Hypothetical Questions,Default,UPC163d89116179c33f,53.68,(5 available)
This Is Your Brain on Music: The Science of a Human Obsession,Music,UPCbc209a900101f28d,38.40,(5 available)
The Metamorphosis,Classics,UPC93379e3a2072a01b,28.58,(5 available)
The Secret Garden,Classics,UPCabbb492978ff656d,15.08,(5 available)
The Raven King (The Raven Cycle #4),Add a comment,UPC2e4fc5eacceec12c,30.57,(5 available)
The False Prince (The Ascendance Trilogy #1),Fantasy,UPCa2a9f76339d21ab1,56.00,(5 available)
The Raven Boys (The Raven Cycle #1),Fantasy,UPCe0b3a679b83caccc,57.74,(5 available)
Where She Went (If I Stay #2),Young Adult,UPC60369d96b7b80869,41.73,(5 available)
Two Summers,Young Adult,UPC3a7d54a264d9f33e,14.64,(5 available)
The Grand Design,Science,UPC3213b1f13f5f0f7c,13.76,(5 available)
The Mathews Men: Seven Brothers and the War Against Hitler's U-boats,History,UPC0d210d2448c3018f,42.91,(5 available)
Why Save the Bankers?: And Other Essays on Our Economic and Political Crisis,Nonfiction,UPC759ee7d059b1beb8,48.67,(5 available)
Siddhartha,Fiction,UPC84bb29c53592ac40,34.22,(5 available)
The Darkest Corners,Young Adult,UPCc4182bdb53e2459a,11.33,(5 available)
My Mother Was Nuts,Nonfiction,UPCa4ce39a3720cd679,31.63,(5 available)
Maybe Something Beautiful: How Art Transformed a Neighborhood,Childrens,UPC81c68492ccd72941,22.54,(5 available)
The Dream Thieves (The Raven Cycle #2),Default,UPCfec06f52054ea900,34.50,(5 available)
Killing Floor (Jack Reacher #1),Thriller,UPC8dde2ff3f6fcc0a3,31.49,(5 available)
Kill the Boy Band,Young Adult,UPC44f545727e704187,15.52,(5 available)
Tell Me Three Things,Young Adult,UPC50d5a7b861ed1c54,41.81,(5 available)
The 5th Wave (The 5th Wave #1),Default,UPCb716233fcb6877e6,11.83,(5 available)
The Crossover,Poetry,UPCb228042c088b1913,38.77,(5 available)
Tell the Wind and Fire,Fantasy,UPC84126312e2431a09,45.51,(5 available)
Remember Me?,Default,UPC2973d38c2fbd7a5c,11.48,(5 available)
Peak: Secrets from the New Science of Expertise,Science,UPC6036239d2ab349b7,16.28,(5 available)
Talking to Girls About Duran Duran: One Young Man's Quest for True Love and a Cooler Haircut,Nonfiction,UPC1dba84766a5e87b8,25.15,(5 available)
Logan Kade (Fallen Crest High #5.5),Academic,UPC7093cf549cd2e7de,13.12,(5 available)
Lola and the Boy Next Door (Anna and the French Kiss #2),Young Adult,UPC5e1a88d248599768,23.63,(5 available)
Red Dragon (Hannibal Lecter #1),Horror,UPCe958ae92f328c181,23.37,(5 available)
Shiver (The Wolves of Mercy Falls #1),Default,UPC59a8ae019b64f2a7,16.23,(5 available)
Mexican Today: New and Rediscovered Recipes for Contemporary Kitchens,Food and Drink,UPC12a90b90283b2e6d,24.91,(5 available)
Last One Home (New Beginnings #1),Fiction,UPC07e6810fd3236bda,59.98,(5 available)
"Death Note, Vol. 5: Whiteout (Death Note #5)",Sequential Art,UPC1c0a38899c82b60a,52.41,(5 available)
Foundation (Foundation (Publication Order) #1),Science Fiction,UPC3fc124f59f3068e4,32.42,(5 available)
Critique of Pure Reason,Philosophy,UPC429b4a811bef386c,20.75,(5 available)
Isla and the Happily Ever After (Anna and the French Kiss #3),Young Adult,UPC45045146dbf7b009,48.13,(5 available)
Booked,Poetry,UPCb54d7416bb445989,17.49,(5 available)
Digital Fortress,Fiction,UPC94bb629a3f6dd00b,58.00,(5 available)
Harry Potter and the Deathly Hallows (Harry Potter #7),Default,UPC6c49258724f11770,23.32,(5 available)
Find Her (Detective D.D. Warren #8),Add a comment,UPCb28c7d07afa7063b,22.37,(5 available)
Approval Junkie: Adventures in Caring Too Much,Autobiography,UPC612369a5947a012e,58.81,(5 available)
I Know Why the Caged Bird Sings (Maya Angelou's Autobiography #1),Default,UPCd219d4e325e6f204,36.55,(5 available)
Fool Me Once,Default,UPC630e766f0a1987dd,16.96,(5 available)
"Fruits Basket, Vol. 5 (Fruits Basket #5)",Sequential Art,UPC3fd83dcf37bf1bc0,16.33,(5 available)
"Data, A Love Story: How I Gamed Online Dating to Meet My Match",Nonfiction,UPCbcf567421c581f0a,32.35,(5 available)
An Abundance of Katherines,Young Adult,UPCf36d24c309e87e5b,10.00,(5 available)
"Blue Lily, Lily Blue (The Raven Cycle #3)",Default,UPCad5e078beceaeb4a,34.13,(5 available)
Dracula the Un-Dead,Horror,UPCe46b1074b99ac4b6,35.63,(5 available)
Evicted: Poverty and Profit in the American City,Add a comment,UPC75cc85cdbe9ad46b,42.27,(5 available)
Drama,Default,UPCd5ad4c92d8bf26c9,38.70,(5 available)
America's War for the Greater Middle East: A Military History,History,UPCadd33db6ff80db24,51.22,(5 available)
If I Stay (If I Stay #1),Default,UPC7284d85428305f5a,38.13,(5 available)
The Shining (The Shining #1),Default,UPCd4de23aa98acc65b,27.88,(4 available)
The Pilgrim's Progress,Classics,UPC6053ddf69c967d5f,50.26,(4 available)
The Perfect Play (Play by Play #1),Romance,UPC9cc207168a03470d,59.99,(4 available)
The Gunning of America: Business and the Making of American Gun Culture,Nonfiction,UPC45033bdf3d9ed158,16.81,(4 available)
A Girl's Guide to Moving On (New Beginnings #2),Romance,UPCcf3b86489890b9f2,31.30,(5 available)
The Geography of Bliss: One Grump's Search for the Happiest Places in the World,Nonfiction,UPCc65ee14957c0fa5c,28.23,(4 available)
The Bone Hunters (Lexy Vaughan & Steven Macaulay #2),Thriller,UPC9c4d061c1e2fe6bf,59.71,(4 available)
A Feast for Crows (A Song of Ice and Fire #4),Fantasy,UPCf2c8f4b4c94d5c5c,17.21,(5 available)
Some Women,Womens Fiction,UPC31f5bbf4974d29c9,13.73,(4 available)
The Passion of Dolssa,Historical Fiction,UPC011674f4a3834b8d,28.32,(4 available)
"The Demon Prince of Momochi House, Vol. 4 (The Demon Prince of Momochi House #4)",Sequential Art,UPCdf53c2948b32bde3,27.88,(4 available)
Alight (The Generations Trilogy #2),Default,UPCd9290e99f189ce84,58.59,(5 available)
A Clash of Kings (A Song of Ice and Fire #2),Add a comment,UPC89a89e76f3516357,10.79,(5 available)
A Game of Thrones (A Song of Ice and Fire #1),Add a comment,UPC03cbb67c0f990d87,46.42,(5 available)
The Beast (Black Dagger Brotherhood #14),Fantasy,UPC8930013d06942df1,46.08,(4 available)
The Jazz of Physics: The Secret Link Between Music and the Structure of the Universe,Nonfiction,UPC6a57286a8890d8c5,38.71,(4 available)
The Hunger Games (The Hunger Games #1),Default,UPC6d2f70d9424f41a1,29.85,(4 available)
The Hound of the Baskervilles (Sherlock Holmes #5),Classics,UPC6587f46697fc4443,14.82,(4 available)
Vogue Colors A to Z: A Fashion Coloring Book,Default,UPCa8f4577a48023344,52.35,(4 available)
The Demonists (Demonist #1),Fantasy,UPCff2dffba388d9922,52.11,(4 available)
No One Here Gets Out Alive,Music,UPC3a95f5a2df4ff921,20.02,(4 available)
"Orchestra of Exiles: The Story of Bronislaw Huberman, the Israel Philharmonic, and the One Thousand Jews He Saved from Nazi Horrors",Music,UPC2ba5ccc84d35006c,12.36,(4 available)
God Is Not Great: How Religion Poisons Everything,Nonfiction,UPCddbc5530d2939d49,27.80,(4 available)
Harry Potter and the Sorcerer's Stone (Harry Potter #1),Default,UPCac337893a9fe0085,13.90,(4 available)
Shopaholic Ties the Knot (Shopaholic #3),Womens Fiction,UPC38199c5d7da0c0ef,48.39,(4 available)
Harry Potter and the Half-Blood Prince (Harry Potter #6),Fantasy,UPC73f4f87dd936ee5c,48.75,(4 available)
Paper and Fire (The Great Library #2),Fantasy,UPCae884ac655d6ee3e,49.45,(4 available)
Misery,Horror,UPC81d4191030b9704b,34.79,(4 available)
Gone with the Wind,Classics,UPC23310ce84d3c9f85,32.49,(4 available)
Harry Potter and the Order of the Phoenix (Harry Potter #5),Fantasy,UPC5a6b7155f2797537,31.63,(4 available)
It,Horror,UPC670a2773607d785d,25.01,(4 available)
Harry Potter and the Chamber of Secrets (Harry Potter #2),Fantasy,UPCc7c4f55b7321cba7,14.74,(4 available)
Outlander (Outlander #1),Default,UPC5de4baa88061a77a,19.67,(4 available)
Harry Potter and the Prisoner of Azkaban (Harry Potter #3),Young Adult,UPCeff24325e0ede639,24.17,(4 available)
Girl With a Pearl Earring,Historical Fiction,UPC5eff05e59f905a49,26.77,(4 available)
"Fruits Basket, Vol. 4 (Fruits Basket #4)",Sequential Art,UPC8fff1084aa085a13,50.44,(4 available)
Night Shift (Night Shift #1-20),Horror,UPC869d20b3b8128230,12.75,(4 available)
Needful Things,Horror,UPC70b585c9d0f15725,47.51,(4 available)
Little Women (Little Women #1),Classics,UPCdeda806b68b0aa11,28.07,(4 available)
Mockingjay (The Hunger Games #3),Default,UPC5212c6acea3359e5,20.44,(4 available)
Dark Lover (Black Dagger Brotherhood #1),Romance,UPC2b69d289279aabfd,12.87,(4 available)
Animal Farm,Classics,UPC1451b55e5e56bb89,57.22,(4 available)
Far From True (Promise Falls Trilogy #2),Thriller,UPCad15a9a139919918,34.93,(4 available)
Candide,Classics,UPC2798974abc8a58a8,58.63,(4 available)
World War Z: An Oral History of the Zombie War,Default,UPC5d55202da0252627,21.80,(3 available)
'Salem's Lot,Horror,UPC6e9403f00acd6752,49.56,(4 available)
Atlas Shrugged,Fiction,UPC78a4ac98191ac675,26.58,(4 available)
Wuthering Heights,Classics,UPC5a7ff9aaa3168878,17.73,(3 available)
"A History of God: The 4,000-Year Quest of Judaism, Christianity, and Islam",Religion,UPCd12ca4020c2f602e,27.62,(4 available)
"Where'd You Go, Bernadette",Default,UPC07bb35158d9dd3d2,18.13,(3 available)
Changing the Game (Play by Play #2),Romance,UPCaaebac5fda798b1b,13.38,(4 available)
Confessions of a Shopaholic (Shopaholic #1),Default,UPCa2dc754afb69bb32,48.94,(4 available)
Wild: From Lost to Found on the Pacific Crest Trail,Default,UPCd30b9215c72cca87,46.02,(3 available)
We the People: The Modern-Day Figures Who Have Reshaped and Affirmed the Founding Fathers' Vision of America,Nonfiction,UPC06bab964fd536971,31.95,(3 available)
A Walk to Remember,Romance,UPCaead11697d14ea36,56.43,(4 available)
We Are All Completely Beside Ourselves,Contemporary,UPCbe3db344a845580b,24.04,(3 available)
Zero History (Blue Ant #3),Default,UPC634b7165c96ebb9f,34.77,(3 available)
Can You Keep a Secret?,Womens Fiction,UPC0812f54c93d726ce,21.94,(4 available)
When You Are Engulfed in Flames,Humor,UPCdab0196cd5fc8e5e,30.89,(3 available)
A New Earth: Awakening to Your Life's Purpose,Spirituality,UPCf6ae39568db1130e,55.65,(4 available)
The Tipping Point: How Little Things Can Make a Big Difference,Add a comment,UPC224fa77d4b248046,10.02,(3 available)
The Smitten Kitchen Cookbook,Food and Drink,UPC742702d662a71410,23.59,(3 available)
Very Good Lives: The Fringe Benefits of Failure and the Importance of Imagination,Nonfiction,UPC52aa3d79b1cee455,50.66,(3 available)
Vegan Vegetarian Omnivore: Dinner for Everyone at the Table,Food and Drink,UPC4672d10b9b1e7a05,13.66,(3 available)
"Unstuffed: Decluttering Your Home, Mind, and Soul",Nonfiction,UPCb830685072fa871f,58.09,(3 available)
"The Wicked + The Divine, Vol. 3: Commercial Suicide (The Wicked + The Divine)",Sequential Art,UPCa33ed2e6068df53e,14.41,(3 available)
The Stand,Horror,UPC49f24193f0b961e6,57.86,(3 available)
Twenties Girl,Womens Fiction,UPC8ebad30219b8679c,42.80,(3 available)
The Travelers,Thriller,UPC2b685187f55c5d31,15.77,(3 available)
Two Boys Kissing,Young Adult,UPC61bc8167c9680283,32.74,(3 available)
Twilight (Twilight #1),Default,UPCb53078de0147f6bf,41.93,(3 available)
Voyager (Outlander #3),Historical Fiction,UPC7feac4000cbc5859,21.07,(3 available)
Walk the Edge (Thunder Road #2),Young Adult,UPC0e4e2d31c2fb3aad,32.36,(3 available)
Under the Banner of Heaven: A Story of Violent Faith,Nonfiction,UPC599a4f98bb193368,30.00,(3 available)
"Thinking, Fast and Slow",Psychology,UPC719d72f3ee512dc6,21.14,(3 available)
The Thing About Jellyfish,Childrens,UPC3d15714d4d3d15dd,48.77,(3 available)
"Trespassing Across America: One Man's Epic, Never-Done-Before (and Sort of Illegal) Hike Across the Heartland",Nonfiction,UPC2173a2ce35f6ace1,53.51,(3 available)
The Undomestic Goddess,Womens Fiction,UPC813cff2aefa5d1f0,45.75,(3 available)
Three-Martini Lunch,Fiction,UPC57f755143ee96fd4,23.21,(3 available)
The Wild Robot,Childrens,UPC75fed6a47f69859d,56.07,(3 available)
The Rise of Theodore Roosevelt (Theodore Roosevelt #1),Biography,UPC1a5044d233936b1a,42.57,(3 available)
The Restaurant at the End of the Universe (Hitchhiker's Guide to the Galaxy #2),Science Fiction,UPC0e92ccf1bd39e68f,10.92,(3 available)
The New Guy (and Other Senior Year Distractions),Young Adult,UPC3e42ac0f4d43320f,44.92,(3 available)
The Red Tent,Historical Fiction,UPC3c456328b04a8ee8,35.66,(3 available)
The Lover's Dictionary,Default,UPC36c15687f5ab0f7c,58.09,(3 available)
The Rose & the Dagger (The Wrath and the Dawn #2),Fantasy,UPC322a9e34d87f54b1,58.64,(3 available)
The Silkworm (Cormoran Strike #2),Mystery,UPCf06039c29b5891fa,23.05,(3 available)
The Paris Wife,Default,UPCfa26798728f5208f,36.80,(3 available)
The Purpose Driven Life: What on Earth Am I Here for?,Add a comment,UPC0e7beedf0ee9380c,37.19,(3 available)
The Nightingale,Fiction,UPC29d6d87f3418638b,26.26,(3 available)
The Obsession,Romance,UPCee441c8e027caa66,45.43,(3 available)
"The Sandman, Vol. 3: Dream Country (The Sandman (volumes) #3)",Sequential Art,UPC91eb9605998a7c03,55.55,(3 available)
The Name of God is Mercy,Nonfiction,UPC0baf71623648413a,37.25,(3 available)
The Road to Little Dribbling: Adventures of an American in Britain (Notes From a Small Island #2),Travel,UPC366a236aa1ea6f07,23.21,(3 available)
The Lonely Ones,Childrens,UPCcf2f27fdf94ba20e,43.59,(3 available)
The Rest Is Noise: Listening to the Twentieth Century,Add a comment,UPCe2d47e82c50d41d9,34.77,(3 available)
The Maze Runner (The Maze Runner #1),Default,UPC4266f48a0aa1c37d,20.93,(3 available)
The Nanny Diaries (Nanny #1),Womens Fiction,UPC6263c1d2997b8ce0,52.53,(3 available)
The Picture of Dorian Gray,Classics,UPCb9f6305a3d650e2c,29.70,(3 available)
The Purest Hook (Second Circle Tattoos #3),Romance,UPC969f6c7e86554814,12.25,(3 available)
"The End of Faith: Religion, Terror, and the Future of Reason",Add a comment,UPCb3f2bc2cefb35f05,22.13,(3 available)
The Girl with All the Gifts,Horror,UPC92dcc54a27107a37,49.47,(3 available)
The Hitchhiker's Guide to the Galaxy (Hitchhiker's Guide to the Galaxy #1),Add a comment,UPCa8b0ea6490bc818f,47.80,(3 available)
The Husband's Secret,Fiction,UPCff6bb30dd0c482a6,52.51,(3 available)
The Goldfinch,Default,UPCc88422d8959260ab,43.58,(3 available)
The Girl Who Kicked the Hornet's Nest (Millennium Trilogy #3),Add a comment,UPC8f5d16a5a9bd58b2,57.48,(3 available)
The Lean Startup: How Today's Entrepreneurs Use Continuous Innovation to Create Radically Successful Businesses,Business,UPC70c7c3ca7f9b2728,33.92,(3 available)
"The Elegant Universe: Superstrings, Hidden Dimensions, and the Quest for the Ultimate Theory",Science,UPCc6bf14cb901c63ac,13.03,(3 available)
The Giver (The Giver Quartet #1),Default,UPCe2dac1f4739e0bd5,12.30,(3 available)
The Exiled,Mystery,UPCdd003e904727281a,43.45,(3 available)
The Girl Who Played with Fire (Millennium Trilogy #2),Default,UPCbfa9cb304075d3e8,22.14,(3 available)
The Guernsey Literary and Potato Peel Pie Society,Historical Fiction,UPC4a0a276409968a73,49.53,(3 available)
"The Land of 10,000 Madonnas",Young Adult,UPC35e69a79d2b1e804,29.64,(3 available)
The Last Painting of Sara de Vos,Historical Fiction,UPC476c7972e9b41891,55.55,(3 available)
"The Disappearing Spoon: And Other True Tales of Madness, Love, and the History of the World from the Periodic Table of the Elements",Science,UPC63c0826ef59eae66,57.35,(3 available)
The Guns of August,History,UPCb5da59dd177eb36b,14.54,(3 available)
The Day the Crayons Came Home (Crayons),Childrens,UPCb22362b434e8ee62,26.33,(3 available)
The Demon-Haunted World: Science as a Candle in the Dark,Default,UPCf51062bf579507d9,52.25,(3 available)
The Devil Wears Prada (The Devil Wears Prada #1),Womens Fiction,UPCa6ab0cb7106a67f2,44.29,(3 available)
The Infinities,Fiction,UPC554e9e2d532b3a87,27.41,(3 available)
The Complete Poems,Add a comment,UPC23707d3ddf14a999,41.32,(3 available)
Spilled Milk: Based on a True Story,Nonfiction,UPCf08667e4c0458f37,49.51,(3 available)
The Blind Side: Evolution of a Game,Add a comment,UPCcd3dcd83bb002e78,53.71,(3 available)
Stiff: The Curious Lives of Human Cadavers,Nonfiction,UPCa11ae5f07572ef49,36.74,(3 available)
The Cat in the Hat (Beginner Books B-1),Childrens,UPCb7f475238ed50429,16.26,(3 available)
"Surely You're Joking, Mr. Feynman!: Adventures of a Curious Character",Science,UPC61002f3b7ba5d780,25.83,(3 available)
Soldier (Talon #3),Fantasy,UPCfeaaae90514eb2ac,24.72,(3 available)
The Complete Stories and Poems (The Works of Edgar Allan Poe [Cameo Edition]),Classics,UPCcad70d6ffd53912f,26.78,(3 available)
Shopaholic & Baby (Shopaholic #5),Default,UPCc57d3c96af23c297,46.45,(3 available)
The Autobiography of Malcolm X,Default,UPCb04a6a0db525857d,23.43,(3 available)
Something Borrowed (Darcy & Rachel #1),Womens Fiction,UPCac27ab4bcd9c492e,48.96,(3 available)
"The Art of Simple Food: Notes, Lessons, and Recipes from a Delicious Revolution",Food and Drink,UPC311634df10651e05,34.32,(3 available)
The Case for Christ (Cases for Christianity),Add a comment,UPC970bd3316219e7dc,47.84,(3 available)
The Book of Basketball: The NBA According to The Sports Guy,Sports and Games,UPC08decd9664e5d56e,44.84,(3 available)
The Da Vinci Code (Robert Langdon #2),Fiction,UPCdabf11918b48b40c,22.96,(3 available)
The Catcher in the Rye,Add a comment,UPC487449f4f6322f0f,24.55,(3 available)
The Cuckoo's Calling (Cormoran Strike #1),Mystery,UPC1be6d3b121865edb,19.21,(3 available)
Something Blue (Darcy & Rachel #2),Womens Fiction,UPC3fc9d51d1c4d6ba7,54.62,(3 available)
The Art of Fielding,Fiction,UPC2858ac90c4758e1f,22.10,(3 available)
The Book Thief,Default,UPCa75e274c8814b539,53.49,(3 available)
Seven Days in the Art World,Add a comment,UPC07806456878931bc,52.33,(3 available)
Packing for Mars: The Curious Science of Life in the Void,Default,UPC8e2dfd6bcf48e1e6,56.68,(3 available)
One for the Money (Stephanie Plum #1),Default,UPC3250650a5c4e6f07,32.87,(3 available)
Seven Brief Lessons on Physics,Science,UPC281a244ce1954711,30.60,(3 available)
Orange Is the New Black,Default,UPC8378c899988905ee,24.61,(3 available)
Persepolis: The Story of a Childhood (Persepolis #1-2),Sequential Art,UPCcb62418129b864a3,39.13,(3 available)
Outliers: The Story of Success,Nonfiction,UPC09a7b0b566ad6225,14.16,(3 available)
Scarlet (The Lunar Chronicles #2),Young Adult,UPC510832818edb6fbc,14.57,(3 available)
Quiet: The Power of Introverts in a World That Can't Stop Talking,Default,UPC3c565df219ba3274,43.55,(3 available)
"Saga, Volume 3 (Saga (Collected Editions) #3)",Sequential Art,UPC7b870bf85d01c2dc,21.57,(3 available)
Running with Scissors,Autobiography,UPC28921443f052bea6,12.91,(3 available)
Red: The True Story of Red Riding Hood,Childrens,UPC4c8ece50736f9e88,28.54,(3 available)
Rogue Lawyer (Rogue Lawyer #1),Add a comment,UPCb4f5672f68ec3a83,50.11,(3 available)
Rework,Business,UPC8e9dd8431170c09e,44.88,(3 available)
Original Fake,Sequential Art,UPCc59283b05905c853,31.45,(3 available)
Reservations for Two,Romance,UPCecdf73ee66c33b17,11.10,(3 available)
Sarah's Key,Add a comment,UPC5b2cd5b31a510848,46.29,(3 available)
Ready Player One,Science Fiction,UPC2ef5dc7e278e562a,19.07,(3 available)
Prodigy: The Graphic Novel (Legend: The Graphic Novel #2),Sequential Art,UPC9707989a439757b4,43.63,(3 available)
"Rise of the Rocket Girls: The Women Who Propelled Us, from Missiles to the Moon to Mars",Nonfiction,UPC89cad3f37c9ce226,41.67,(3 available)
Lady Renegades (Rebel Belle #3),Young Adult,UPC16e843e6b853cc2f,53.04,(3 available)
"Lamb: The Gospel According to Biff, Christ's Childhood Pal",Humor,UPC190fbebbf798c31a,55.50,(3 available)
Me Talk Pretty One Day,Autobiography,UPCabc4a7ee16c21088,57.60,(3 available)
"Lean In: Women, Work, and the Will to Lead",Default,UPCd5e1a9bfe22bbf9f,25.02,(3 available)
Life Without a Recipe,Autobiography,UPCc53d9fefcda371e9,59.04,(3 available)
"Miracles from Heaven: A Little Girl, Her Journey to Heaven, and Her Amazing Story of Healing",Nonfiction,UPC7980fa06f2b704d8,57.83,(3 available)
Let's Pretend This Never Happened: A Mostly True Memoir,Nonfiction,UPC1246e4ffeb5ac4ea,45.11,(3 available)
Letter to a Christian Nation,Nonfiction,UPC1de75f05d57bfc10,22.20,(3 available)
Lust & Wonder,Autobiography,UPC0dcadb06206abd3c,11.87,(3 available)
Lila (Gilead #3),Fiction,UPC4ef75307fb64e2ad,12.47,(3 available)
Notes from a Small Island (Notes From a Small Island #1),Nonfiction,UPCcb65e49993db9a93,40.17,(3 available)
"Life, the Universe and Everything (Hitchhiker's Guide to the Galaxy #3)",Science Fiction,UPC4b3f4f151c99f472,33.26,(3 available)
Naked,Humor,UPC54aeeb4610d3ae08,31.69,(3 available)
Legend (Legend #1),Young Adult,UPC0ce8075fab4a2b5b,43.69,(3 available)
Neither Here nor There: Travels in Europe,Travel,UPC747cf7fca2ccdbd4,38.95,(3 available)
Night (The Night Trilogy #1),Nonfiction,UPCc4d9fce9eff3b8ba,13.51,(3 available)
Manuscript Found in Accra,Add a comment,UPC546da23278482b0a,34.98,(3 available)
Morning Star (Red Rising #3),Default,UPC7ce5a92baabb6bc0,29.40,(3 available)
Midnight Riot (Peter Grant/ Rivers of London - books #1),Fantasy,UPCe9056f9b5a40a301,55.46,(3 available)
Life After Life,Default,UPC4ec53ff7e2263f32,26.13,(3 available)
Holidays on Ice,Humor,UPC0cb4856be3694a57,51.07,(3 available)
Gone Girl,Default,UPCd5c588b6f9c015e4,37.60,(3 available)
Into the Wild,Nonfiction,UPCa7c3f1010d64799a,56.70,(3 available)
Hungry Girl Clean & Hungry: Easy All-Natural Recipes for Healthy Eating in the Real World,Food and Drink,UPC6c4d17a46cac8787,33.14,(3 available)
Horrible Bear!,Childrens,UPCcc1ac978a6835ef6,37.52,(3 available)
House of Leaves,Horror,UPC557c03c284be1bf2,54.89,(3 available)
I've Got Your Number,Womens Fiction,UPC6b32b561dab8036c,19.69,(3 available)
I Am Malala: The Girl Who Stood Up for Education and Was Shot by the Taliban,Nonfiction,UPC8010c7c148057fd3,28.88,(3 available)
Gratitude,Nonfiction,UPCc300cc9326592b65,26.66,(3 available)
"In the Garden of Beasts: Love, Terror, and an American Family in Hitler's Berlin",Nonfiction,UPCd8292cd5f1aca291,28.85,(3 available)
Inferno (Robert Langdon #4),Fiction,UPC6c4646d90b60a56c,41.00,(3 available)
"Grayson, Vol 3: Nemesis (Grayson #3)",Sequential Art,UPC4f6985aca357ae09,42.72,(3 available)
Jurassic Park (Jurassic Park #1),Fiction,UPCa0dd11f6abc421ec,44.97,(3 available)
"House of Lost Worlds: Dinosaurs, Dynasties, and the Story of Life on Earth",History,UPC1812b8f5641287e3,43.70,(3 available)
If I Run (If I Run #1),Christian Fiction,UPC61569d12d4ae7161,49.97,(3 available)
Golden (Heart of Dread #3),Young Adult,UPC984b3b6e7479b571,42.21,(3 available)
It's Never Too Late to Begin Again: Discovering Creativity and Meaning at Midlife and Beyond,Nonfiction,UPCd4a29356fc992879,42.38,(3 available)
Heir to the Sky,Fantasy,UPCb003f8bb02f76dc5,44.07,(3 available)
Is Everyone Hanging Out Without Me? (And Other Concerns),Default,UPC034829ffdd0a0aea,20.11,(3 available)
Green Eggs and Ham (Beginner Books B-16),Childrens,UPC621e2c310cec8d32,10.79,(3 available)
Counting Thyme,Childrens,UPC157f693d9e600ccc,10.62,(3 available)
Fifty Shades Freed (Fifty Shades #3),Adult Fiction,UPCed813a848580ba50,15.36,(3 available)
Eragon (The Inheritance Cycle #1),Fantasy,UPCb843f52a986a2914,43.87,(3 available)
Disrupted: My Misadventure in the Start-Up Bubble,Nonfiction,UPC81372abc86f65c79,15.28,(3 available)
Cosmos,Add a comment,UPCdbe33cf29ef1623d,36.17,(3 available)
Do Androids Dream of Electric Sheep? (Blade Runner #1),Science Fiction,UPC98330e431e56a9ea,51.48,(3 available)
Girl in the Blue Coat,Historical Fiction,UPC41fc5dce044f16f5,46.83,(3 available)
Fire Bound (Sea Haven/Sisters of the Heart #5),Add a comment,UPC2ed3a794a70aa85f,21.28,(3 available)
Fellside,Default,UPC147019cae600694e,38.62,(3 available)
Crazy Rich Asians (Crazy Rich Asians #1),Fiction,UPCc9782ad2a0ed9331,49.13,(3 available)
"Friday Night Lights: A Town, a Team, and a Dream",Sports and Games,UPCa9aa3ed5b316470b,51.22,(3 available)
Dead Wake: The Last Crossing of the Lusitania,Default,UPC04d858cdeeee0da4,39.24,(3 available)
"David and Goliath: Underdogs, Misfits, and the Art of Battling Giants",Default,UPCd234ddecef49ef4e,17.81,(3 available)
Dracula,Default,UPCa7ec599c1a547746,52.62,(3 available)
Dark Places,Default,UPC66937c669c4da072,23.90,(3 available)
Eclipse (Twilight #3),Default,UPC73f71f9556442117,18.74,(3 available)
"Fruits Basket, Vol. 3 (Fruits Basket #3)",Sequential Art,UPCd5f5a122a593b580,45.17,(3 available)
Dune (Dune #1),Science Fiction,UPC36d5884d44484277,54.86,(3 available)
Darkfever (Fever #1),Fantasy,UPC468bd274ac084bb9,56.02,(3 available)
Extreme Prey (Lucas Davenport #26),Mystery,UPC588ba85ff11a3263,25.40,(3 available)
Between Shades of Gray,Historical Fiction,UPC155e42df837ee5ff,20.79,(3 available)
Best of My Love (Fool's Gold #20),Romance,UPC67dea6c75d6a1075,27.41,(3 available)
Beowulf,Classics,UPC3fb69f34e178d494,38.35,(3 available)
Ash,Fantasy,UPC5d22e2a46604b6e7,22.06,(3 available)
Career of Evil (Cormoran Strike #3),Mystery,UPCb461cf238506c5b8,24.72,(3 available)
Blink: The Power of Thinking Without Thinking,Nonfiction,UPC0bbc48294707ba96,21.74,(3 available)
Civilization and Its Discontents,Psychology,UPC396385e3de5d18c3,59.95,(3 available)
Brave Enough,Nonfiction,UPCfd2337c1b73b686e,51.32,(3 available)
Big Little Lies,Fiction,UPCd3f9c4539c0caa64,22.11,(3 available)
Cinder (The Lunar Chronicles #1),Young Adult,UPC7e9579921e5407cb,26.09,(3 available)
Are We There Yet?,Childrens,UPCef9c4f2465513956,10.66,(3 available)
Breaking Dawn (Twilight #4),Default,UPCbbfc4a3b7b6c94a0,35.28,(3 available)
Are We Smart Enough to Know How Smart Animals Are?,Nonfiction,UPCda0349a87c8caa2f,56.58,(3 available)
Awkward,Sequential Art,UPC1d89a2aa9f6ce50f,38.02,(3 available)
Black Flags: The Rise of ISIS,Nonfiction,UPC860318b8e244f39c,40.87,(3 available)
"Born to Run: A Hidden Tribe, Superathletes, and the Greatest Race the World Has Never Seen",Nonfiction,UPCe256de8aa0c2115f,27.35,(3 available)
Beautiful Creatures (Caster Chronicles #1),Default,UPC5439bae708bca198,21.55,(3 available)
Catastrophic Happiness: Finding Joy in Childhood's Messy Years,Parenting,UPCef49db2aaa9bb547,37.35,(3 available)
Boy Meets Boy,Young Adult,UPC8e0bc2fe4e7d35b5,21.12,(3 available)
"Black Butler, Vol. 1 (Black Butler #1)",Sequential Art,UPC15f415d436888b2d,49.31,(3 available)
New Moon (Twilight #2),Young Adult,UPC6fa3ea52c8e31e06,12.86,(2 available)
And Then There Were None,Classics,UPCcfe350b20d23b02b,35.01,(3 available)
Life,Music,UPC637e5a45062aa548,31.58,(2 available)
#GIRLBOSS,Add a comment,UPC165affa7adb5eded,50.96,(3 available)
The Course of Love,Fiction,UPCf3c76b53b239f511,16.78,(2 available)
Girl Online On Tour (Girl Online #2),Young Adult,UPC97b8f130d32e9f4e,53.47,(2 available)
Kindle Paperwhite User's Guide,Nonfiction,UPCfb495f9f9015a772,34.00,(2 available)
Annie on My Mind,Young Adult,UPC7bf87402413c27ff,36.83,(3 available)
A Walk in the Woods: Rediscovering America on the Appalachian Trail,Nonfiction,UPCbcee4f289ff6699c,30.48,(3 available)
H is for Hawk,Nonfiction,UPCb6d3f4f4ee1f6069,57.42,(2 available)
A Heartbreaking Work of Staggering Genius,Autobiography,UPCc9770bb1d5a492a0,54.29,(3 available)
A Storm of Swords (A Song of Ice and Fire #3),Fantasy,UPC87beabf664115d79,31.22,(3 available)
The Sense of an Ending,Add a comment,UPC4130678275eb7c8c,31.38,(2 available)
"The Sandman, Vol. 2: The Doll's House (The Sandman (volumes) #2)",Sequential Art,UPC276dc716b1da8899,54.81,(2 available)
Sugar Rush (Offensive Line #2),Sports and Games,UPCce42e3de94226b2b,24.42,(2 available)
"The Suffragettes (Little Black Classics, #96)",Nonfiction,UPCd2185b65af52d68c,11.89,(2 available)
A Visit from the Goon Squad,Default,UPC5dbd6ec4e154ad2f,14.08,(3 available)
"Saga, Volume 2 (Saga (Collected Editions) #2)",Sequential Art,UPC9189fd009df41d0e,11.75,(2 available)
"Run, Spot, Run: The Ethics of Keeping Pets",Philosophy,UPCb0e479be03911916,20.02,(2 available)
8 Keys to Mental Health Through Exercise,Psychology,UPCf5873c8fc7760000,31.04,(3 available)
Twenty Love Poems and a Song of Despair,Poetry,UPCe63c3f25338baf9a,30.95,(1 available)
The Silent Wife,Fiction,UPCb78deb463531d078,12.34,(1 available)
The Story of Hong Gildong,Classics,UPC32d035df92ab9080,43.19,(1 available)
When I'm Gone,Fiction,UPCc5f91eb481427dc5,51.96,(1 available)
"Fruits Basket, Vol. 2 (Fruits Basket #2)",Sequential Art,UPCc0db71f6bb14db11,11.64,(2 available)
"The Wicked + The Divine, Vol. 1: The Faust Act (The Wicked + The Divine)",Sequential Art,UPCdac9d1e654fac737,36.52,(1 available)
The Zombie Room,Default,UPC9c96cd1329fbd82d,19.69,(1 available)
While You Were Mine,Historical Fiction,UPC8ceb5c6aed2c5f8b,41.32,(1 available)
The Selfish Gene,Science,UPC6f2c0a9adbb2bca9,29.45,(1 available)
"Vampire Knight, Vol. 1 (Vampire Knight #1)",Paranormal,UPCe7e87087b1a44711,15.40,(1 available)
Travels with Charley: In Search of America,Nonfiction,UPC0268f149d014b389,57.82,(1 available)
"Y: The Last Man, Vol. 1: Unmanned (Y: The Last Man #1)",Sequential Art,UPC09d26b5f819c6a36,18.51,(1 available)
This One Moment (Pushing Limits #1),Romance,UPCd6d98d3508c30f57,48.71,(1 available)
Three Wishes (River of Time: California #1),Science Fiction,UPC460f97a346b44bac,44.18,(1 available)
Vampire Girl (Vampire Girl #1),Fantasy,UPCdab5e75d1339706a,53.82,(1 available)
The Tumor,Nonfiction,UPC6514add13c82b115,41.56,(1 available)
The Silent Twin (Detective Jennifer Knight #3),Fantasy,UPC9e9932ae1a7d0943,36.25,(1 available)
Where Lightning Strikes (Bleeding Stars #3),Romance,UPCdef389ddfda6991b,39.77,(1 available)
Ways of Seeing,Art,UPC66a4e422b212726a,39.51,(1 available)
Diary of a Minecraft Zombie Book 1: A Scare of a Dare (An Unofficial Minecraft Book),Childrens,UPCd7b463918d3b8c39,52.88,(2 available)
"The Sandman, Vol. 1: Preludes and Nocturnes (The Sandman (volumes) #1)",Sequential Art,UPC5faefdc861684eb1,54.12,(1 available)
The Iliad,Add a comment,UPC86d8bd7afa5b51b3,16.16,(1 available)
The Mirror & the Maze (The Wrath and the Dawn #1.5),Fantasy,UPCc40b70e0f6d80189,29.38,(1 available)
The Name of the Wind (The Kingkiller Chronicle #1),Default,UPCc8614adb1a90b027,50.59,(1 available)
The Haters,Young Adult,UPCfff8a057a40c4a60,27.89,(1 available)
The Edge of Reason (Bridget Jones #2),Womens Fiction,UPC29fc016c459aeb14,19.18,(1 available)
The No. 1 Ladies' Detective Agency (No. 1 Ladies' Detective Agency #1),Mystery,UPCb0913e67d38d5ed5,57.70,(1 available)
The Republic,Add a comment,UPC0ec9d2b018fb10d8,33.78,(1 available)
The End of the Jesus Era (An Investigation #1),Nonfiction,UPC09659d1639a1f978,14.40,(1 available)
The Hook Up (Game On #1),New Adult,UPC6e473eff459e809f,36.29,(1 available)
The Girl You Lost,Mystery,UPC4280ac3eab57aa5d,12.29,(1 available)
The Last Girl (The Dominion Trilogy #1),Science Fiction,UPC16c71736dae78764,36.26,(1 available)
The Complete Maus (Maus #1-2),Sequential Art,UPC3301af038a720587,10.64,(1 available)
The Secret Healer,Historical Fiction,UPC38f776ab9118aed7,34.56,(1 available)
The Odyssey,Add a comment,UPCf0512adadffd2480,29.64,(1 available)
The Girl In The Ice (DCI Erika Foster #1),Mystery,UPCee61197edb882599,15.85,(1 available)
The Nicomachean Ethics,Philosophy,UPC5c10b64db3e4f228,36.34,(1 available)
The Light of the Fireflies,Add a comment,UPC04e43893e32f9d29,54.43,(1 available)
The Little Prince,Classics,UPC1aeca7d078d57deb,45.42,(1 available)
The Communist Manifesto,Add a comment,UPC18b4545a5ed15581,14.76,(1 available)
"Rhythm, Chord & Malykhin",Romance,UPC9efb397067eb7e8a,28.34,(1 available)
"Saga, Volume 1 (Saga (Collected Editions) #1)",Sequential Art,UPC4f64568dfefa3ce7,28.48,(1 available)
Origins (Alphas 0.5),Fantasy,UPC8932e5c12f12ffed,28.99,(1 available)
Shadow Rites (Jane Yellowrock #10),Fantasy,UPC229cd6564bf0dce4,21.72,(1 available)
One Second (Seven #7),Fantasy,UPC7ea31f38675b91c1,52.94,(1 available)
Shameless,New Adult,UPCc068c013d6921fea,58.35,(1 available)
Sense and Sensibility,Classics,UPC35e44170702139a4,37.46,(1 available)
Sister Sable (The Mad Queen #1),Fantasy,UPC3a9a7c5895e82646,13.33,(1 available)
The Bette Davis Club,Fiction,UPCdfb0849016bc122c,30.66,(1 available)
Taking Shots (Assassins #1),Default,UPCa7eef9d6795422c1,18.88,(1 available)
The Art of Not Breathing,Young Adult,UPC5bc1fbccfbf2355c,40.83,(1 available)
Shatter Me (Shatter Me #1),Default,UPC9ed7090d8fa690b0,42.40,(1 available)
"Rat Queens, Vol. 1: Sass & Sorcery (Rat Queens (Collected Editions) #1-5)",Sequential Art,UPC3cdca3b4a93980f5,46.96,(1 available)
The Bhagavad Gita,Religion,UPCf3a0b8c835129558,57.49,(1 available)
"Paper Girls, Vol. 1 (Paper Girls #1-5)",Sequential Art,UPCbcbcbcf0f6ed196f,21.71,(1 available)
"Skip Beat!, Vol. 01 (Skip Beat! #1)",Sequential Art,UPC2ac720f76384c57e,42.12,(1 available)
"Ouran High School Host Club, Vol. 1 (Ouran High School Host Club #1)",Sequential Art,UPC326825e02a198cf6,29.87,(1 available)
Settling the Score (The Summer Games #1),Sports and Games,UPC132adf7335bb384a,44.91,(1 available)
Starlark,Historical Fiction,UPCe25164e5b3fe208b,25.83,(1 available)
Paradise Lost (Paradise #1),Default,UPC849db7ab7f4a640c,24.96,(1 available)
Lost Among the Living,Historical Fiction,UPCd510567580c8be52,27.70,(1 available)
Imperfect Harmony,Romance,UPCf28f7299d38c0932,34.74,(1 available)
Myriad (Prentor #1),Fantasy,UPC63e20a0f98218a87,58.75,(1 available)
"Giant Days, Vol. 1 (Giant Days #1-4)",Sequential Art,UPCeb0fe24bbc845ecc,56.76,(1 available)
Of Mice and Men,Classics,UPC39592d9d72e717c4,47.11,(1 available)
My Perfect Mistake (Over the Top #1),Romance,UPCfd78f89878479f56,38.92,(1 available)
Old Records Never Die: One Man's Quest for His Vinyl and His Past,Music,UPCa1985630339f4b3d,55.66,(1 available)
Jane Eyre,Default,UPC8d390a1fc3133d06,38.43,(1 available)
Matilda,Childrens,UPC1053fb7ee17a1f33,28.34,(1 available)
Kitchens of the Great Midwest,Fiction,UPC06f6a57a6d532844,57.20,(1 available)
Having the Barbarian's Baby (Ice Planet Barbarians #7.5),Science Fiction,UPC6717a70913b3db79,34.96,(1 available)
"Hawkeye, Vol. 1: My Life as a Weapon (Hawkeye #1)",Sequential Art,UPC6fe02600f322a0a9,45.24,(1 available)
Icing (Aces Hockey #2),Sports and Games,UPC3455b45888fb5053,40.44,(1 available)
"Fruits Basket, Vol. 1 (Fruits Basket #1)",Sequential Art,UPC72e6fbf4f6382557,40.28,(1 available)
Off Sides (Off #1),New Adult,UPCb6f1cfadc4dd79d4,39.45,(1 available)
"Ms. Marvel, Vol. 1: No Normal (Ms. Marvel (2014-2015) #1)",Sequential Art,UPC35a60467893aa168,39.39,(1 available)
Meditations,Philosophy,UPC4f19709e47883df5,25.89,(1 available)
Lord of the Flies,Add a comment,UPC71a6471bbdac21d9,24.89,(1 available)
On the Road (Duluoz Legend),Default,UPC9ff997ab15713e53,32.36,(1 available)
Listen to Me (Fusion #1),Romance,UPC6e712ea24e77bd96,58.99,(1 available)
Emma,Classics,UPC2e69730561ed70ad,32.93,(1 available)
"Eat, Pray, Love",Nonfiction,UPCdf56868afd166557,51.32,(1 available)
Choosing Our Religion: The Spiritual Lives of America's Nones,Religion,UPCa812f6969ddf3e39,28.42,(1 available)
Deep Under (Walker Security #1),Romance,UPC0072b94dfa30608e,47.09,(1 available)
Charlie and the Chocolate Factory (Charlie Bucket #1),Childrens,UPC1774749f2cee292f,22.85,(1 available)
Bounty (Colorado Mountain #7),Romance,UPCabc0b15f2c907ff0,37.26,(1 available)
Forever Rockers (The Rocker #12),Music,UPCe564c3f1a93ccf2e,28.80,(1 available)
"Bleach, Vol. 1: Strawberry and the Soul Reapers (Bleach #1)",Sequential Art,UPC099fae4a0705d63b,34.65,(1 available)
"1,000 Places to See Before You Die",Travel,UPC228ba5e7577e1d49,26.08,(1 available)
Bridget Jones's Diary (Bridget Jones #1),Womens Fiction,UPCa2b4b685dfa94733,29.82,(1 available)
1st to Die (Women's Murder Club #1),Mystery,UPCf684a82adc49f011,53.98,(1 available)
Bright Lines,Fiction,UPC230ac636ea0ea415,39.07,(1 available)
Frankenstein,Default,UPCa492f49a3e2b6a71,38.00,(1 available)
Charity's Cross (Charles Towne Belles #4),Romance,UPCa96404cb928895f3,41.24,(1 available)
"Ajin: Demi-Human, Volume 1 (Ajin: Demi-Human #1)",Sequential Art,UPCbfd5e1701c862ac3,57.06,(1 available)
A Spy's Devotion (The Regency Spies of London #1),Historical Fiction,UPC19fec36a1dfb4c16,16.97,(1 available)
Blood Defense (Samantha Brinkman #1),Mystery,UPC95cdfd514098c38b,20.30,(1 available)
Fighting Fate (Fighting #6),Romance,UPC6390772a3094939d,39.24,(1 available)
Beyond Good and Evil,Philosophy,UPC08672cd59171d5e4,43.38,(1 available)
Alice in Wonderland (Alice's Adventures in Wonderland #1),Classics,UPCcd2a2a70dd5d176d,55.53,(1 available)
